User,Retweet Degree,Reply Degree,Retweet Community,Reply Community
377,1325,833,0,1
3,1270,773,0,0
118,1232,535,0,0
8,1229,842,0,0
91,1139,655,0,0
5,1116,780,0,0
174,1116,830,1,0
565,1092,300,0,1
861,1072,530,1,0
114,1050,419,0,0
77,1044,518,0,1
415,1037,585,0,0
51,1034,445,0,0
35,1032,869,1,0
1319,1031,522,0,0
385,1027,613,1,1
10,1024,659,1,0
7,1017,513,1,0
0,1014,702,1,0
204,999,334,0,0
40,994,780,1,2
14,983,517,1,0
110,980,340,0,0
32,974,774,1,0
163,967,415,1,0
20,966,606,1,0
128,961,652,0,0
1056,953,556,1,2
79,952,553,0,0
13,950,317,0,0
58,948,590,1,0
134,946,493,1,0
836,925,418,1,0
107,924,683,1,0
158,913,705,1,2
1185,911,489,1,0
3098,906,516,1,2
444,902,291,0,1
34,899,495,1,2
62,898,468,0,1
81,889,358,1,0
389,876,768,0,0
376,870,401,1,0
575,869,356,0,0
357,859,240,0,0
1,852,557,0,0
637,852,317,1,2
165,849,349,0,1
25,841,288,0,0
71,840,550,1,0
1684,838,512,1,1
27,823,311,1,2
31,814,590,1,0
210,813,519,1,2
122,807,233,1,0
89,802,400,0,0
838,802,273,0,0
404,791,458,0,0
247,790,328,1,1
203,789,702,1,0
54,787,519,1,2
1082,783,528,0,0
238,781,220,1,2
644,775,559,1,2
53,769,471,1,2
1145,769,215,1,2
354,768,428,1,2
416,768,369,1,0
78,764,137,0,0
317,761,524,0,0
24,758,113,0,0
436,758,262,0,1
11,753,536,1,0
778,753,206,0,0
69,751,501,0,0
3183,746,225,0,1
76,743,419,1,0
123,743,428,1,2
1146,742,494,0,0
929,741,287,1,0
167,740,223,0,0
171,735,351,0,0
371,733,751,0,0
3556,733,403,1,1
29,731,572,1,2
1111,730,179,0,0
310,728,450,1,2
855,722,470,1,2
432,718,210,0,1
50,716,543,1,2
515,715,411,1,2
1244,713,127,1,2
113,710,542,0,0
30,703,469,1,2
267,702,355,1,0
126,701,334,0,0
856,699,377,1,1
1118,699,416,0,1
270,696,415,1,2
791,694,455,0,0
2792,694,320,0,0
233,693,401,1,0
280,693,204,1,2
356,693,391,1,0
248,690,314,1,0
143,689,258,1,2
441,687,255,1,2
255,686,569,0,2
57,683,48,1,0
295,683,62,1,2
1266,680,407,1,0
577,679,420,0,2
569,671,129,0,1
1153,671,100,1,2
28,670,670,1,2
1012,670,280,1,2
15,668,333,1,2
698,666,417,1,2
2361,665,180,1,0
1039,664,139,1,2
398,663,597,1,2
429,663,276,0,0
823,663,493,0,2
36,662,149,0,0
164,662,306,0,0
242,662,329,1,0
446,661,289,0,0
1465,657,535,1,0
75,656,435,0,0
455,655,253,1,2
428,654,343,1,2
135,653,436,1,0
391,653,475,1,2
437,653,481,0,0
933,653,314,0,0
2660,653,97,0,0
1068,652,352,0,0
332,651,382,1,2
497,651,262,1,0
115,648,301,1,0
640,648,346,1,2
1495,648,197,0,1
809,644,235,1,0
1294,644,274,1,2
312,643,252,0,0
1513,643,142,1,2
152,641,249,1,0
464,640,229,1,0
798,640,404,0,0
106,639,347,1,2
858,638,230,1,0
499,635,227,1,2
172,634,279,0,0
235,634,247,0,0
1456,633,256,1,2
1809,633,708,0,0
157,632,488,1,2
3215,631,221,1,2
1333,629,238,0,1
2321,627,492,1,2
95,626,171,1,0
365,626,244,0,0
911,625,114,1,0
154,624,194,1,2
1698,624,166,1,0
722,623,417,1,2
818,619,343,1,2
183,618,240,1,0
1231,618,223,1,0
676,613,224,1,2
1404,613,83,1,2
1964,613,365,1,2
149,611,314,1,2
1132,609,347,1,2
418,608,341,1,2
781,608,266,1,0
309,606,346,1,0
496,602,400,1,2
220,601,102,0,0
303,601,329,1,2
785,601,96,1,2
67,600,235,1,0
257,600,356,1,0
197,599,308,1,2
1638,599,382,1,2
1370,598,116,0,1
3202,598,385,0,0
315,597,162,1,2
387,597,781,2,1
811,596,928,2,1
1801,596,355,1,2
12,595,147,0,0
18,592,368,0,0
162,590,524,1,0
291,590,322,1,2
980,589,316,1,2
88,588,260,0,0
510,588,425,1,2
254,587,91,0,1
1148,587,366,1,2
3394,587,144,1,0
277,585,48,1,2
1963,585,87,0,0
121,582,204,0,0
1812,582,226,1,2
21,580,297,1,2
276,580,358,1,2
3249,580,200,1,2
202,577,260,0,0
324,577,350,0,0
217,576,270,1,2
290,576,278,1,0
221,575,150,0,1
802,575,271,1,2
1157,575,137,1,0
2128,574,114,1,2
2618,574,190,0,1
131,572,238,0,0
305,572,309,0,0
307,572,133,1,2
494,572,149,1,2
1831,570,86,0,0
120,569,138,0,0
209,569,323,1,0
344,569,480,0,0
1475,569,72,0,0
671,568,100,1,0
1264,568,171,0,0
996,567,202,1,2
3643,567,289,1,2
521,565,254,1,2
47,564,359,1,2
1302,564,175,1,0
1210,563,225,1,2
1442,563,185,1,0
3726,562,114,1,0
1315,561,105,0,1
104,560,208,0,0
141,559,245,0,1
333,558,78,0,0
1337,558,264,0,0
144,557,275,0,0
1844,557,63,1,2
3656,557,246,1,0
852,556,357,1,0
1741,556,155,0,0
2716,556,96,1,2
263,555,265,0,0
3315,555,272,1,2
467,554,257,1,0
821,552,416,0,0
288,551,264,0,0
367,551,394,1,2
513,551,301,0,0
3156,551,181,1,2
3481,551,303,0,0
96,550,146,0,0
199,550,564,1,2
1182,550,85,0,0
831,549,110,0,0
1686,549,213,1,0
39,548,148,1,2
630,548,192,1,2
769,547,224,1,2
786,547,344,1,2
1762,547,402,0,0
347,546,234,1,2
1896,546,315,1,2
82,545,169,1,0
90,545,229,0,0
2726,545,204,1,0
327,542,452,0,0
2387,541,139,1,2
109,538,287,1,2
1121,538,126,1,2
360,537,70,1,2
3653,537,92,1,0
871,536,251,1,0
1048,535,196,1,0
1083,535,58,1,2
1382,535,221,0,0
3517,535,144,1,2
601,533,17,0,0
142,532,305,1,2
3258,532,209,1,0
3459,532,319,1,2
3693,532,87,1,2
1165,531,279,1,1
3812,531,198,1,0
2280,530,147,1,0
2979,530,188,0,0
3078,530,224,1,2
298,528,182,0,0
724,528,178,1,2
1371,527,220,1,0
3509,527,313,0,0
3658,527,365,1,2
56,526,228,1,0
723,526,195,0,0
1652,526,280,0,0
151,524,150,0,0
520,524,153,0,0
649,524,295,1,2
3299,523,165,1,2
822,522,185,1,2
1550,522,412,1,2
2734,522,315,1,0
3502,522,217,1,2
711,521,307,0,1
1689,520,173,1,0
1887,520,58,1,2
2925,520,44,1,2
3171,520,121,1,0
3200,520,319,1,2
2392,519,219,0,0
2774,517,389,1,0
3499,516,466,1,2
361,515,121,0,0
3460,515,290,1,0
918,513,282,0,0
1161,513,51,1,2
1329,513,28,1,2
1589,513,282,1,0
915,512,322,1,2
1630,512,394,1,2
892,511,117,1,2
1074,511,86,1,2
1168,511,126,1,0
373,510,74,1,2
2233,510,152,0,0
1565,509,305,1,2
2625,509,3,1,0
3381,508,170,0,0
1034,507,105,0,0
1441,507,338,1,0
775,506,263,1,2
1021,506,118,0,0
2976,506,296,1,0
3146,506,144,1,0
2898,505,48,1,2
159,504,199,1,2
492,504,187,0,0
502,504,253,0,0
1028,504,125,1,2
1284,504,319,0,0
3095,503,114,1,0
991,502,372,0,0
2328,502,42,0,0
232,501,123,0,1
264,501,146,1,0
3729,501,277,1,2
265,500,70,0,1
419,500,31,0,0
1107,500,266,1,2
2509,499,46,1,2
3662,499,53,1,2
320,497,146,0,0
1024,497,221,1,2
1332,495,230,1,2
1398,495,226,1,2
965,494,256,1,2
1472,494,237,1,0
4035,494,164,1,2
516,493,190,0,1
731,493,248,1,2
2009,493,290,1,2
3727,492,183,1,2
1788,491,26,0,0
423,490,81,0,0
1317,490,208,1,0
3007,490,160,0,0
223,488,86,1,0
1282,488,265,1,2
815,487,134,0,0
1828,487,407,1,2
2515,487,114,0,1
473,486,288,1,0
1385,486,220,0,0
550,485,148,0,1
755,484,323,0,0
1129,484,7,1,2
969,483,93,1,2
1355,483,336,1,2
1459,483,86,0,0
1731,482,225,0,0
190,480,254,1,2
239,480,242,1,2
1032,480,266,1,2
2933,480,216,1,0
3648,480,7,1,0
178,479,313,1,2
1071,479,223,1,2
1072,479,239,1,2
1526,479,161,1,2
2803,479,90,0,0
3958,479,111,1,2
256,478,373,1,2
452,478,128,0,0
1300,478,246,1,2
1419,477,78,1,2
2624,477,232,0,0
3590,477,116,1,2
63,476,102,0,0
527,476,314,0,0
1683,476,78,0,0
2142,476,114,1,2
2153,476,32,1,2
155,475,176,0,0
325,475,104,1,2
937,475,81,1,2
2921,475,114,1,0
3738,475,175,0,0
3951,475,28,1,2
893,474,92,0,0
953,474,308,1,0
2183,474,247,1,2
2694,474,242,1,0
3469,474,87,1,2
236,473,366,1,2
3205,473,202,1,2
6,471,192,0,0
843,471,291,1,2
2557,471,89,1,2
252,469,249,1,0
3486,469,103,1,2
66,468,126,0,0
1536,467,153,1,0
3025,467,275,1,2
117,466,357,1,2
3212,466,15,1,2
1291,465,157,0,0
1299,465,250,1,2
1471,465,282,1,0
1569,465,219,1,2
3575,465,57,0,0
193,464,157,1,2
227,464,253,1,2
1423,464,41,0,0
3312,464,88,1,1
212,463,341,1,0
450,463,268,1,0
1290,463,284,1,0
1754,463,155,1,2
3337,463,268,1,0
3978,463,224,1,2
136,462,373,1,2
1079,462,101,0,0
621,461,105,0,0
751,460,287,1,2
912,460,300,1,2
1026,460,340,1,0
829,459,215,0,0
3591,459,313,1,2
2020,458,230,1,2
842,457,30,0,0
225,456,272,1,0
695,456,261,0,0
988,456,123,0,0
2249,456,450,1,2
1364,455,185,1,0
3117,455,69,1,2
3470,455,249,0,0
1399,454,188,0,0
2652,454,166,1,2
1521,453,216,0,0
1816,453,195,1,0
2634,453,308,1,2
665,452,115,0,0
2554,452,225,1,2
694,451,284,1,0
1400,451,310,1,0
3758,451,332,1,2
272,450,185,1,0
646,450,378,1,2
2558,450,91,1,2
545,449,67,0,0
613,449,223,1,2
993,449,191,1,2
463,447,125,0,1
1682,447,293,1,2
2501,446,173,1,0
268,445,58,0,0
505,445,236,1,0
679,445,343,1,2
1080,445,306,1,2
1096,445,313,0,0
1906,445,216,0,0
3636,445,128,1,2
269,444,81,1,2
388,444,176,0,0
484,444,88,1,2
1877,443,103,1,0
2695,443,218,1,2
1301,442,172,0,0
3147,442,104,1,2
3666,441,205,1,2
258,440,171,1,2
1217,440,176,1,1
1583,440,83,0,0
3880,440,77,1,2
336,439,61,0,0
1427,439,127,1,1
3351,439,242,0,0
406,438,259,1,2
468,438,222,0,0
3543,438,216,1,0
3630,437,475,1,2
175,436,228,1,2
461,436,163,1,0
870,436,229,1,2
3483,436,194,1,2
181,435,198,1,2
794,435,90,0,0
1016,435,74,1,2
153,434,261,1,2
2924,434,187,1,0
160,433,393,1,0
2342,433,166,1,0
1817,432,353,1,0
1955,432,398,1,2
3514,432,157,1,0
1038,431,172,1,2
2295,431,149,1,2
2709,431,286,0,0
17,430,192,0,0
368,430,189,1,2
1671,430,100,0,0
2306,430,315,1,2
3187,430,219,0,0
3650,430,341,1,2
701,429,83,0,1
1640,429,139,0,0
366,428,167,0,1
1672,428,208,0,0
3687,428,36,0,0
1585,427,137,1,2
750,426,356,1,0
1086,426,355,1,2
3239,426,170,1,2
3478,426,191,1,2
489,425,183,1,2
641,425,279,1,2
1063,425,223,1,0
3045,425,280,1,2
1030,424,101,1,2
1127,424,440,1,2
1214,424,87,0,0
301,423,127,1,2
1131,423,166,1,2
3646,422,208,1,2
266,421,102,0,0
670,421,385,1,2
735,421,210,1,0
795,421,90,0,0
824,421,172,1,2
1126,421,258,1,1
1281,421,277,0,0
1721,421,161,1,2
2010,421,93,0,0
2047,421,195,1,2
445,420,185,0,0
1242,420,171,0,0
1324,420,111,1,2
1582,420,83,1,2
2572,420,58,0,0
55,419,520,1,2
93,419,271,0,0
127,419,158,1,2
355,419,474,1,2
580,419,433,1,0
1119,419,357,1,2
3468,419,256,1,2
339,418,100,0,0
938,418,182,0,2
1000,417,265,1,0
2417,417,86,1,2
168,416,217,1,0
282,416,270,1,0
1417,416,182,1,2
1899,416,118,1,0
609,415,110,1,2
1979,415,146,0,1
3442,415,187,0,0
9,414,183,0,0
49,414,179,1,2
405,414,485,2,1
728,414,48,1,2
1596,414,172,0,0
2389,414,48,0,0
3676,414,72,1,2
287,413,199,1,0
1515,413,77,0,0
1696,413,144,0,0
2241,413,352,1,0
207,411,253,1,2
1379,411,450,0,2
1949,411,89,0,0
108,410,190,0,0
848,410,30,0,0
1147,410,264,0,0
1296,410,140,0,0
369,409,174,0,0
1708,409,61,0,0
1787,409,139,0,0
2315,409,51,1,0
465,408,238,0,0
2162,408,123,0,0
213,407,351,1,2
1378,407,115,1,2
1651,407,248,1,1
318,406,44,0,0
687,405,481,1,0
922,405,28,1,2
1540,405,95,0,1
820,404,226,0,0
1286,404,79,0,0
1567,404,185,1,0
3520,404,366,1,2
335,403,62,0,0
2307,403,244,1,2
297,402,156,1,1
393,402,200,1,0
1629,402,202,1,2
1870,402,184,0,0
2127,402,87,0,0
2682,402,120,0,0
555,401,305,0,1
810,401,96,1,2
3465,401,314,1,2
37,400,155,0,0
196,400,217,1,2
737,399,88,0,0
739,399,9,1,2
1547,399,169,0,2
1680,399,119,0,0
132,398,73,0,0
1174,398,119,0,0
2287,398,284,1,0
3935,398,57,1,2
3579,397,187,0,0
3962,397,271,1,2
793,396,185,1,2
1700,396,27,1,0
2288,396,168,1,0
2373,396,61,0,1
487,395,72,0,0
524,395,59,0,0
548,395,130,0,1
865,395,228,1,2
1018,395,154,1,2
1769,395,53,0,0
1811,395,264,1,0
2094,395,264,1,2
2308,395,155,1,2
2350,395,15,0,0
1415,394,86,0,1
1859,394,47,0,0
939,393,125,0,0
1015,393,89,0,0
1900,393,178,1,0
3409,393,116,0,0
574,392,181,0,1
661,392,337,1,2
1407,392,104,0,1
3471,392,239,1,2
744,391,81,0,0
1593,391,137,0,0
1170,390,357,0,0
2810,390,102,0,0
3123,390,272,1,1
3277,390,60,0,0
562,389,204,1,2
1468,389,237,1,0
1880,389,118,0,0
2237,389,304,1,0
3024,389,65,1,0
3541,389,245,1,2
206,388,236,1,0
879,388,297,1,2
950,388,88,1,0
1387,387,265,1,0
1654,386,38,0,0
1677,386,108,1,0
2090,386,283,1,2
3288,386,25,1,2
3963,386,334,0,0
101,385,300,1,2
219,385,100,1,2
623,385,469,2,1
1436,385,184,1,0
2247,385,43,0,1
46,384,231,0,0
2719,384,119,1,0
3659,384,42,1,2
460,383,85,0,1
819,383,186,1,2
3689,383,119,1,0
1500,382,84,0,2
3161,382,171,0,0
3696,382,332,1,2
173,381,168,1,2
413,381,21,0,0
1167,381,9,0,0
1406,381,82,1,0
87,380,377,0,0
386,379,314,1,2
1308,379,240,0,0
1372,379,230,1,2
1109,378,232,0,0
1890,378,135,0,0
378,376,112,0,0
512,376,98,1,2
999,376,104,1,2
421,375,397,1,2
471,375,46,0,1
2909,375,225,1,2
3733,375,151,1,0
68,374,76,0,1
984,374,15,0,0
3282,374,200,1,2
3743,373,97,0,1
201,372,247,1,2
916,372,254,1,2
1350,372,233,0,0
2576,372,160,1,0
3708,372,196,1,2
1049,371,163,1,2
1124,371,396,1,2
1144,371,201,1,0
359,370,478,1,2
835,370,32,0,0
1061,370,192,1,2
1245,370,135,1,0
2100,370,241,1,2
3219,370,200,0,0
103,369,113,1,0
746,369,207,0,0
828,369,120,1,0
1693,369,319,1,2
1737,369,46,0,0
319,368,36,0,1
634,368,244,1,2
1254,368,132,1,0
382,367,271,1,2
919,367,81,0,0
363,366,132,0,0
2058,366,227,0,1
3479,366,122,1,0
427,365,213,0,0
431,365,223,1,2
2649,365,75,0,0
2934,365,210,0,0
2950,365,286,1,2
3221,365,61,0,0
3487,365,107,0,0
129,364,360,0,0
606,364,312,1,0
712,364,74,0,0
907,364,79,0,0
1803,364,241,1,2
645,363,467,1,0
1232,363,232,1,0
1353,363,87,0,0
2552,363,108,1,0
1238,362,122,0,0
1368,362,280,1,2
1889,362,241,1,0
2686,362,91,0,0
2797,362,89,0,0
3518,362,275,1,2
632,361,135,1,2
1336,361,184,0,0
2675,361,74,0,0
2896,361,211,1,2
535,360,146,1,0
753,360,57,0,0
1926,360,54,0,0
533,359,56,0,1
302,358,128,0,0
3657,358,104,1,0
1070,357,239,1,2
1433,357,83,1,2
1879,357,162,1,2
1151,356,117,1,0
979,355,60,1,2
1335,355,360,1,2
1469,355,233,0,0
2172,355,145,1,2
2269,355,107,0,0
3540,355,70,0,0
2465,354,297,1,2
3597,354,102,0,0
3686,353,5,0,0
566,352,168,0,0
756,352,275,1,2
1688,352,134,0,0
2293,352,66,1,2
932,351,69,1,0
3506,351,283,1,0
133,350,185,1,0
296,350,355,0,0
1727,350,168,1,2
2032,350,160,0,1
187,349,298,0,0
880,349,94,0,1
1429,349,348,1,2
2044,349,294,1,2
3235,349,186,1,0
2346,348,115,1,0
761,347,35,0,1
2065,347,225,1,2
3900,347,253,1,2
882,346,129,0,1
2092,346,129,0,0
599,345,51,0,1
885,345,430,1,2
1921,345,273,1,2
3887,345,9,1,0
119,344,244,1,2
350,344,177,0,0
1260,344,447,1,0
942,343,380,1,2
1268,343,231,1,0
1454,343,345,2,1
2163,343,146,0,0
292,342,116,1,2
1581,342,54,1,0
1691,342,10,1,2
1885,342,293,1,0
2403,342,77,0,0
3286,342,84,0,0
3507,342,91,0,0
3725,342,100,0,0
3797,342,168,1,1
1262,341,93,1,2
1369,341,190,0,0
3632,341,67,0,0
3723,341,251,1,2
3866,341,255,1,0
102,340,86,1,0
813,340,251,0,0
2826,340,263,1,2
3316,340,205,1,2
3938,340,166,1,2
582,339,340,0,0
1479,339,90,0,1
1531,339,159,1,0
2133,339,367,1,0
503,338,160,0,1
622,338,73,0,0
1439,338,97,0,0
1595,337,51,0,0
2356,337,75,1,2
3424,337,135,0,0
23,336,336,1,0
657,336,180,1,2
748,336,199,1,0
1101,336,240,1,0
2156,336,168,0,1
2117,335,32,0,1
3700,335,81,0,0
334,334,183,1,2
3240,334,185,0,2
3621,334,212,0,0
1658,333,76,0,0
2530,333,58,0,0
2543,333,5,1,2
2956,333,32,0,0
259,332,357,2,1
2223,332,112,0,0
2884,332,166,0,0
59,331,253,1,0
278,331,120,0,0
2331,331,95,0,0
148,330,84,0,1
192,330,347,1,2
2112,330,89,1,2
2723,330,145,1,2
3145,330,83,1,1
400,329,267,1,2
1092,329,285,1,2
1230,329,65,0,0
2680,329,286,1,2
2804,329,257,1,0
3134,329,37,0,0
3254,329,25,0,0
3451,328,64,1,2
349,327,36,0,0
3099,327,155,0,0
3213,326,83,0,0
884,325,383,1,0
1820,325,64,0,0
796,324,88,0,0
1135,324,207,1,2
352,323,38,0,0
636,323,262,1,2
1444,323,50,0,0
1497,323,25,0,0
1538,323,284,1,0
409,322,57,0,0
792,322,436,1,2
3803,322,198,1,0
1041,321,174,1,2
1723,321,214,1,2
1858,321,211,2,1
1863,321,157,0,0
633,320,32,0,1
639,320,107,1,0
2534,320,55,0,1
2840,320,327,1,0
570,319,185,0,0
2565,319,190,1,2
685,318,63,0,0
1045,318,211,0,1
2311,318,196,0,0
2316,318,25,0,0
3560,318,44,0,0
1467,317,42,1,2
3079,317,139,1,0
3378,317,127,0,0
509,316,86,0,1
1873,316,197,1,0
3498,316,81,0,0
150,315,205,0,0
397,315,87,0,0
541,315,158,0,0
2930,315,114,0,1
3160,315,115,1,1
85,314,59,0,0
1850,314,11,0,0
146,313,16,0,0
2409,313,39,0,1
3089,313,138,0,0
2125,312,130,0,1
2969,312,204,0,0
3411,312,78,0,0
1620,311,294,1,2
1738,311,12,0,0
2940,311,122,1,2
417,310,277,1,2
768,310,236,1,0
719,309,101,0,0
841,309,104,0,0
1150,309,54,0,0
832,308,490,1,2
3510,308,171,0,0
987,307,175,0,0
1171,307,126,0,0
2353,307,229,0,0
3883,306,288,1,0
42,305,137,0,0
186,305,284,1,0
198,305,195,1,0
396,305,123,0,0
924,305,249,1,2
1037,305,92,0,1
2364,305,104,0,0
70,304,456,2,1
1007,304,45,0,0
1292,304,224,0,0
1478,304,260,0,0
1666,304,146,0,0
1915,304,124,1,1
2028,304,108,0,1
776,303,146,0,0
1855,303,72,1,0
1947,303,370,1,2
469,302,60,0,1
482,302,108,0,1
525,302,133,0,0
1888,302,131,0,0
558,301,37,0,0
2549,301,143,0,0
3619,301,158,1,2
1488,300,105,0,0
1562,300,202,1,2
2174,300,255,1,2
2574,300,199,1,2
3429,300,289,1,2
166,298,126,0,0
1674,298,139,0,0
2013,298,76,0,0
3730,298,404,1,0
662,297,164,0,0
1842,297,103,1,2
3230,297,206,1,2
1334,296,269,1,2
1959,296,30,0,0
3533,296,18,0,0
3623,296,278,1,2
1451,295,77,0,0
1476,295,167,0,0
1642,295,251,1,0
1813,295,77,0,1
1866,295,230,0,0
2297,295,97,0,1
2772,295,200,0,1
3461,295,169,0,0
3778,295,94,1,0
403,293,133,1,2
572,293,210,1,2
1006,293,34,0,0
293,292,249,1,2
1473,292,109,0,0
1786,292,24,0,0
3516,292,107,0,0
72,291,109,0,0
994,291,308,1,2
2436,291,126,1,2
3084,291,274,1,2
1173,290,32,0,0
1222,290,156,0,0
1799,290,199,0,0
3423,290,173,0,0
80,289,132,0,0
2794,289,43,0,0
3060,289,56,0,0
874,288,121,1,2
1704,288,118,1,0
2121,288,28,0,0
26,287,88,0,0
859,287,19,0,1
1265,287,180,1,0
3255,287,30,0,0
1352,286,111,0,0
1435,286,142,1,2
704,285,171,0,1
1410,285,202,0,0
2363,285,92,1,0
522,284,431,1,2
872,284,137,0,0
1046,284,145,0,0
3522,284,22,0,0
585,283,99,0,0
1130,283,37,0,1
1933,283,233,1,2
3149,283,75,0,1
754,282,56,0,0
1058,282,43,0,0
1553,282,189,1,2
1659,282,181,0,0
1756,282,130,0,0
946,281,67,0,0
1089,281,122,0,0
1269,281,41,0,0
1646,281,376,1,2
1924,281,13,0,0
2196,281,42,0,1
2219,281,321,1,2
3336,281,99,0,0
3523,281,149,0,0
1464,280,99,0,1
1807,280,133,0,0
1178,279,86,0,0
1357,279,232,2,2
1422,279,345,1,2
1452,279,176,0,0
1494,279,227,2,1
1697,279,466,1,0
138,278,74,0,0
651,278,107,0,0
844,278,221,1,2
2559,278,60,0,1
3186,278,124,0,0
3869,278,261,1,0
348,277,42,0,0
426,277,181,1,2
557,277,119,0,0
1044,277,91,0,1
2141,277,134,1,2
3492,277,234,0,0
583,276,161,1,0
771,276,113,0,1
967,276,38,0,0
1005,276,33,0,1
1138,276,290,0,0
1426,276,168,0,0
1639,276,110,1,1
19,275,257,1,2
1340,275,183,0,0
3670,275,88,0,0
1389,274,220,1,2
1403,274,272,0,0
1463,274,99,0,0
2693,274,40,0,0
170,273,47,0,0
251,273,281,2,1
1533,273,101,0,0
3959,273,158,0,0
435,272,141,0,1
741,272,142,1,0
845,272,51,0,1
1489,272,134,0,0
3472,272,210,0,0
1246,271,90,0,1
211,270,153,1,0
1549,270,65,0,0
1614,270,152,1,0
758,269,196,0,1
787,269,37,0,1
1969,269,215,1,0
3360,269,318,1,0
1609,268,78,0,0
3538,268,278,0,0
770,267,194,0,0
1709,267,81,0,0
2078,267,77,0,0
195,266,156,0,0
486,266,235,1,2
2842,266,69,0,1
1094,265,330,0,0
1134,265,123,0,0
2337,265,257,1,1
1228,264,110,0,1
1237,264,184,0,0
1648,264,83,0,0
1939,264,78,0,1
604,263,275,1,2
800,263,98,0,0
1031,263,61,0,0
1974,263,157,0,0
3434,263,54,0,1
3437,263,109,0,0
1366,262,162,0,0
3611,262,11,0,1
184,261,296,2,1
401,261,311,1,0
743,261,165,0,0
1798,261,22,0,0
2731,261,330,1,2
424,260,142,0,0
2631,260,22,0,1
328,259,141,0,0
442,259,116,0,0
716,259,98,0,1
1878,259,67,0,0
3914,259,85,1,0
605,258,28,0,1
1628,258,16,0,0
2137,258,329,1,1
3124,258,165,0,0
518,257,145,0,1
1267,257,112,0,1
1618,257,50,0,0
2178,257,21,0,0
3100,257,87,0,0
177,256,137,1,2
250,256,260,2,1
1623,256,63,0,1
1728,256,3,0,0
2791,256,360,1,2
3116,256,93,0,1
94,255,274,2,1
2413,255,14,0,1
3086,255,78,0,0
3325,254,297,1,0
3824,254,47,1,0
1715,253,404,1,0
2578,253,183,2,1
3241,253,87,0,0
3692,253,73,0,2
3832,253,61,0,0
589,252,37,0,1
1085,252,104,1,1
1507,252,55,1,0
2145,252,119,1,1
3304,252,108,0,0
3321,252,251,1,0
3599,252,92,0,0
1449,251,244,1,0
271,250,127,1,2
530,250,85,0,1
1363,250,163,0,0
2195,250,210,1,1
380,249,39,0,0
185,248,125,0,0
615,248,336,1,2
1176,248,173,0,0
1424,248,189,2,1
573,247,355,0,2
1087,247,129,0,1
2900,247,21,0,0
1722,246,68,0,0
2260,246,29,0,1
169,245,260,1,0
1883,245,76,1,2
3769,245,28,1,0
643,244,54,0,1
1250,244,329,1,2
1492,244,119,0,0
3455,244,114,0,0
3957,244,65,0,1
863,243,275,1,0
1102,243,101,1,0
1115,243,60,0,1
2743,243,296,1,2
2941,243,77,0,1
3688,243,326,2,1
631,242,236,1,0
936,242,32,0,0
1077,242,195,1,2
3029,242,48,0,0
3625,242,89,0,0
3865,242,310,1,1
1081,241,58,0,0
1681,241,225,0,0
2187,241,140,1,2
2610,241,131,2,1
3028,241,149,0,0
3101,241,49,0,0
3792,241,23,0,0
485,240,131,2,1
1732,240,98,0,0
1894,240,37,0,0
1934,240,16,0,0
816,239,127,0,0
2050,239,348,1,2
2381,239,245,1,2
2736,239,24,0,0
3463,239,163,1,0
353,238,105,0,1
1180,238,55,0,1
1603,238,65,0,0
3452,238,260,0,0
44,237,91,0,0
214,237,419,0,0
905,237,162,2,1
1328,237,56,0,1
2861,237,43,0,1
3665,237,131,1,0
308,236,76,1,2
1051,236,95,0,1
1460,236,10,0,0
2118,236,117,0,1
780,235,103,0,0
1836,235,498,2,0
2916,235,122,0,0
314,234,70,0,0
1354,234,104,0,0
1470,234,100,0,0
1534,234,348,1,2
1891,234,116,2,1
2250,234,230,1,2
2931,234,220,1,2
4,233,117,0,0
875,233,113,0,0
457,232,142,0,0
462,232,232,2,1
610,232,56,0,0
1114,232,41,0,1
1154,232,119,0,0
1395,232,87,0,0
1437,232,75,1,0
1572,232,101,2,1
1588,232,103,0,0
1516,231,369,1,2
1522,231,370,1,2
1647,231,373,0,0
1989,231,141,0,0
3096,231,71,0,1
3691,231,41,0,0
540,230,105,0,1
2248,230,89,0,0
2319,230,97,2,1
3854,230,52,0,0
279,229,451,2,1
1767,229,205,0,0
2470,229,101,1,2
284,228,27,1,0
1561,228,290,1,0
1622,228,64,0,0
2276,228,84,0,0
2696,228,40,0,1
3085,228,54,0,0
97,227,246,2,1
112,227,210,0,0
139,227,63,0,0
466,227,5,1,2
752,227,65,0,1
1633,227,81,0,0
2161,227,237,1,0
3243,227,274,1,2
3907,227,39,2,1
4027,227,48,0,0
546,226,252,1,2
721,226,142,0,0
995,226,53,1,1
1223,226,35,0,0
1523,226,25,0,0
2867,226,30,0,1
3050,226,38,0,1
3377,226,90,0,1
3706,226,117,0,0
1189,225,34,0,1
1431,225,177,2,1
2953,225,99,0,1
3283,225,50,0,0
98,224,70,0,2
472,224,61,2,1
989,224,157,1,0
1297,224,152,0,1
1362,224,50,0,0
1481,224,98,1,0
1554,224,98,1,0
1665,224,40,0,1
2224,224,71,0,0
2388,224,23,0,1
179,223,289,2,1
2040,223,47,0,1
2938,223,188,0,1
3359,223,61,0,0
4053,223,108,1,2
495,222,36,0,0
747,222,300,1,2
1517,222,84,2,1
1669,222,46,0,0
2037,222,84,0,1
2458,222,38,0,0
2657,222,54,1,0
3314,222,275,0,0
3345,222,124,1,0
3858,222,76,0,0
364,221,19,0,0
624,221,129,0,1
1078,221,50,1,2
1777,221,29,1,0
1914,221,152,0,1
2031,221,100,0,1
2347,221,52,0,0
145,220,92,1,2
964,220,114,0,0
3519,220,320,1,2
3667,220,90,0,0
229,219,128,2,1
395,219,369,2,1
797,219,122,1,0
1993,219,149,0,0
2076,219,54,2,1
2770,219,26,0,0
551,218,65,0,0
3458,218,80,0,0
41,217,458,2,1
420,217,120,2,1
539,217,43,0,0
553,217,204,2,1
1036,217,26,1,0
1042,217,137,1,0
1208,217,78,0,0
1388,217,73,0,0
3052,217,37,0,1
3855,217,242,1,2
313,216,208,2,1
826,216,40,0,0
1793,216,210,2,1
3436,216,117,0,0
125,215,303,2,1
246,215,210,2,1
667,215,104,1,2
1316,215,85,1,0
2698,215,33,0,0
3056,215,82,0,1
3257,215,62,0,0
483,214,130,2,1
547,214,30,0,0
1790,214,54,0,0
2372,214,214,1,0
3918,214,47,0,0
508,213,137,2,1
729,213,140,0,0
899,213,28,1,1
913,213,72,2,1
1196,213,83,0,0
1758,213,120,2,1
1968,213,107,0,1
2511,213,83,0,1
1996,212,34,0,0
2370,212,3,0,0
2533,212,15,0,1
3158,212,99,1,2
137,211,129,0,0
231,211,63,0,0
1271,211,207,1,2
1662,211,142,2,1
3640,211,213,0,0
92,210,166,0,0
408,210,48,0,0
430,210,484,1,2
564,210,29,0,0
655,210,253,0,0
830,210,183,0,0
881,210,34,0,0
3319,210,21,0,0
3353,210,150,2,1
414,209,79,1,0
501,209,217,1,0
1190,209,287,1,2
1274,209,79,0,0
3020,209,54,0,0
3576,209,9,0,1
216,208,59,0,0
480,208,115,2,1
951,208,92,0,0
2064,208,32,0,0
3432,208,60,1,2
1035,207,2,0,2
1060,207,53,0,0
1908,207,3,0,0
2813,207,55,1,2
3823,207,39,0,0
3922,207,81,0,0
935,206,29,0,0
1717,206,35,0,1
1805,206,337,1,2
3776,206,38,0,0
240,205,47,0,1
346,205,359,2,1
476,205,109,2,1
1650,205,76,1,1
3218,205,37,0,0
3697,205,241,2,2
440,204,95,2,1
1543,204,32,1,2
3327,204,49,0,0
3707,204,84,0,0
849,203,25,0,0
860,203,108,0,0
1344,203,114,2,0
1580,203,83,0,0
1847,203,79,0,0
3082,203,67,0,0
3272,203,141,1,0
857,202,44,0,0
1778,202,45,0,1
1864,202,38,0,0
3285,202,95,2,1
3439,202,68,1,0
3445,202,246,0,0
3466,202,22,0,1
3583,202,293,1,2
392,201,120,0,1
1904,201,171,2,0
2000,201,236,1,0
2556,201,71,0,1
3950,201,114,2,1
579,200,66,0,1
1760,200,135,2,1
2980,200,165,0,0
3027,200,285,1,0
3391,200,85,0,0
3426,200,36,0,1
2005,199,94,0,0
3022,199,67,0,1
840,198,95,0,0
1458,198,79,0,0
3850,198,148,2,1
534,197,138,0,2
1345,197,62,0,0
1428,197,126,0,0
1776,197,35,1,2
2231,197,30,0,1
2503,197,205,1,2
3690,197,48,0,0
834,196,181,2,1
1331,196,269,2,1
1390,196,109,1,2
2302,196,7,0,1
2429,196,94,2,1
2788,196,26,0,0
208,195,113,0,1
498,195,229,2,1
799,195,153,1,2
1064,195,213,0,0
1486,195,209,1,0
1729,195,177,2,1
2238,195,60,0,0
2718,195,17,0,0
3217,195,52,0,1
3226,195,16,0,0
3744,195,178,1,2
2111,194,64,1,0
3081,194,105,0,0
3210,194,105,1,2
742,193,96,1,2
1657,193,52,0,0
1774,193,115,2,1
1313,192,41,0,0
1447,192,81,0,1
1600,192,25,0,1
2579,192,27,0,0
2659,192,168,2,1
2958,192,17,0,0
2981,192,92,0,1
3354,192,144,2,1
3759,192,153,0,0
3831,192,136,2,1
883,191,39,0,0
1310,191,116,0,0
1358,191,97,0,0
2892,191,23,0,1
3135,191,60,0,0
188,190,63,0,0
603,190,136,0,0
1511,190,320,1,0
1796,190,98,2,1
2591,190,108,0,0
2926,190,15,0,0
789,189,238,2,1
1186,189,100,0,0
1411,189,16,0,0
1584,189,28,0,0
2368,189,82,1,2
3735,189,100,0,0
3878,189,26,0,1
3896,189,6,2,1
237,188,165,2,1
241,188,239,2,1
260,188,167,2,1
1177,188,24,0,1
1712,188,64,0,1
2520,188,30,0,0
3128,188,154,0,0
3296,188,43,0,1
3754,188,30,0,0
343,187,105,2,1
696,187,160,2,1
895,187,57,0,0
952,187,74,2,1
2122,187,30,0,0
2540,187,23,0,0
2602,187,32,0,0
3671,187,126,0,0
3699,187,149,2,1
647,186,123,0,0
968,186,164,0,0
1972,186,82,0,1
3430,186,235,1,2
3606,186,41,0,0
1075,185,56,1,2
1443,185,134,2,1
1453,185,67,0,0
2292,185,31,2,0
2611,185,131,2,1
3986,185,31,0,0
4034,185,86,2,1
763,184,55,1,0
814,184,500,0,0
866,184,287,0,0
1952,184,228,2,1
3284,184,39,0,0
3605,184,322,1,2
876,183,55,2,1
877,183,52,0,1
1295,183,281,0,1
1466,183,262,0,0
2490,183,82,0,1
321,182,136,2,1
477,182,295,2,1
561,182,77,2,1
1025,182,108,0,0
1033,182,140,2,1
1556,182,41,0,1
1608,182,113,0,0
2079,182,46,0,1
2369,182,74,0,0
38,181,52,0,0
262,181,84,0,1
281,181,36,0,0
528,181,152,2,1
720,181,102,0,0
1022,181,38,0,0
1206,181,81,0,0
1621,181,76,1,0
1794,181,90,0,0
2057,181,24,0,1
2159,181,135,0,1
2300,181,18,0,1
3399,181,138,2,1
84,180,70,0,0
226,180,133,0,0
690,180,35,0,1
2220,180,96,2,1
3004,180,75,0,0
3059,180,68,0,0
74,179,52,0,0
434,179,239,2,1
617,179,136,0,1
708,179,46,0,1
1013,179,261,1,0
1307,179,139,0,0
3422,179,24,0,1
1555,178,176,2,0
1695,178,123,1,0
1761,178,67,0,0
2049,178,185,1,0
3178,178,166,0,0
3704,178,274,1,2
337,177,358,1,0
960,177,408,1,2
1386,177,80,2,1
1480,177,45,0,0
1591,177,112,2,1
1770,177,32,0,0
2837,177,8,0,0
4070,177,72,0,0
568,176,57,0,1
898,176,90,0,0
1610,176,39,0,1
2217,176,176,2,1
2265,176,30,0,1
2305,176,141,0,2
2775,176,13,0,1
2890,176,19,0,1
3899,176,52,2,1
660,175,102,2,1
736,175,156,2,1
954,175,140,0,0
1204,175,79,0,0
1592,175,102,1,1
1673,175,128,0,0
2690,175,70,2,1
3165,175,24,0,0
3655,175,353,1,1
116,174,101,0,0
1252,174,91,1,0
1287,174,287,1,0
2012,174,582,2,2
3206,174,42,2,1
1414,173,247,1,0
2431,173,436,2,1
2641,173,41,0,0
3379,173,159,1,0
3817,173,22,0,0
3954,173,161,2,1
4038,173,102,1,2
688,172,104,1,0
707,172,162,2,1
757,172,20,0,1
1508,172,24,0,0
1725,172,174,2,1
2070,172,390,1,2
2281,172,5,0,0
2957,172,232,1,0
3610,172,126,0,0
1343,171,111,0,0
1483,171,193,2,1
2380,171,52,0,1
2493,171,9,0,1
2653,171,50,0,0
2685,171,50,0,0
2839,171,73,0,0
345,170,142,0,0
1137,170,124,0,0
1425,170,136,0,0
1841,170,125,2,1
2778,170,290,1,0
3083,170,228,2,1
3477,170,60,0,0
372,169,246,2,0
451,169,70,0,1
529,169,179,2,1
537,169,171,0,0
1050,169,82,0,1
1105,169,132,1,2
1275,169,83,1,0
2730,169,88,1,1
3364,169,204,2,1
3400,169,24,0,1
1772,168,16,0,0
2205,168,63,2,1
2975,168,106,1,1
563,167,53,0,1
983,167,80,0,0
1270,167,107,0,1
1402,167,53,1,0
2453,167,15,0,1
2666,167,265,2,1
3328,167,57,0,0
294,166,120,2,1
714,166,149,2,1
878,166,201,2,1
1367,166,223,1,0
2144,166,91,1,2
2581,166,34,0,0
2786,166,37,0,0
3546,166,71,1,2
194,165,93,2,1
2697,165,72,0,0
2821,165,169,0,0
3537,165,91,2,1
374,164,313,1,0
1020,164,466,1,2
1303,164,101,0,1
1619,164,47,0,0
2123,164,50,0,1
60,163,117,0,0
945,163,266,2,1
1322,163,133,0,0
1829,163,60,1,2
1953,163,30,0,0
2422,163,33,0,1
2656,163,181,2,1
3108,163,27,0,0
111,162,38,0,0
340,162,46,0,0
1027,162,90,0,0
1062,162,74,0,0
1626,162,134,0,0
1932,162,50,0,0
2408,162,36,0,1
2973,162,25,0,1
3701,162,13,1,2
449,161,156,2,1
681,161,122,2,1
1320,161,55,0,1
1935,161,24,2,1
2841,161,10,0,1
3176,161,53,0,0
3525,161,33,0,0
249,160,105,0,0
275,160,171,1,0
504,160,39,0,1
805,160,421,1,2
947,160,60,0,0
1898,160,191,2,1
2103,160,20,0,1
2643,160,96,2,1
4014,160,145,2,1
478,159,251,1,2
1198,159,37,0,1
1735,159,15,0,0
1999,159,62,2,1
2245,159,127,0,0
3136,159,9,0,1
3303,159,16,0,0
602,158,346,1,1
702,158,125,2,1
1110,158,48,0,1
1219,158,184,0,0
1365,158,203,2,1
2472,158,38,0,0
2539,158,15,0,1
2612,158,67,2,1
83,157,52,0,0
285,157,40,0,0
625,157,168,0,0
672,157,250,1,0
825,157,75,0,0
1289,157,16,0,1
2279,157,104,1,1
3051,157,62,0,1
3144,157,51,0,0
549,156,13,0,1
1117,156,228,0,0
1745,156,238,2,1
2314,156,156,2,1
2809,156,70,0,1
2987,156,96,0,0
3031,156,5,0,0
3297,156,213,2,1
3388,156,108,0,0
3489,156,81,0,0
3594,156,53,0,0
3612,156,12,0,1
459,155,28,0,0
1229,155,19,0,0
1792,155,100,0,0
2396,155,54,2,1
2414,155,95,2,1
2512,155,36,0,0
2646,155,416,1,2
2700,155,29,0,0
3301,155,36,0,0
3848,155,17,0,0
3882,155,43,0,1
493,154,209,2,1
1789,154,7,0,0
2001,154,77,2,1
2107,154,96,1,1
2518,154,10,0,1
3966,154,70,0,1
191,153,21,0,0
1249,153,100,0,0
1747,153,258,0,0
1748,153,107,2,1
3247,153,87,2,1
3780,153,159,2,1
3894,153,56,0,0
182,152,106,2,1
383,152,12,0,0
439,152,66,0,1
454,152,72,1,0
1055,152,24,0,0
1093,152,78,0,0
2051,152,97,2,1
2446,152,223,2,1
3018,152,28,0,0
3088,152,16,0,1
3154,152,47,0,1
3245,152,203,0,0
3624,152,145,2,1
1112,151,135,0,0
1391,151,106,2,1
1613,151,24,0,0
2553,151,30,0,1
2922,151,36,1,2
3908,151,20,0,0
596,150,233,2,1
718,150,8,0,1
1125,150,44,0,1
1694,150,48,2,1
1916,150,20,0,0
1988,150,60,2,1
2059,150,45,2,1
2124,150,99,0,0
833,149,64,0,0
1625,149,71,0,1
1766,149,127,0,0
1835,149,75,0,0
3071,149,132,2,1
3113,149,152,1,2
3270,149,20,0,1
3342,149,117,0,0
161,148,54,0,0
394,148,332,1,0
1194,148,151,0,0
1514,148,29,0,0
1615,148,136,1,0
1759,148,20,0,0
2023,148,50,0,0
2866,148,74,2,1
3361,148,46,0,1
3638,148,148,0,0
3997,148,38,0,1
765,147,20,0,0
1098,147,36,0,0
1325,147,96,2,1
1430,147,35,0,1
2541,147,95,2,1
3093,147,96,0,0
3308,147,141,1,1
3604,147,22,0,1
3629,147,66,0,0
3793,147,52,0,0
500,146,54,0,0
839,146,137,2,2
1991,146,59,0,1
2330,146,17,0,0
130,145,22,0,1
200,145,40,1,0
1490,145,41,0,1
1587,145,55,1,0
2676,145,76,0,0
2889,145,99,0,1
3956,145,25,0,1
519,144,9,0,1
542,144,15,0,1
909,144,37,0,0
1008,144,64,0,1
1169,144,52,2,1
2091,144,12,0,0
2285,144,254,1,1
2411,144,5,0,1
3003,144,83,0,1
3012,144,86,2,1
3041,144,19,0,1
3132,144,104,1,2
433,143,158,2,1
458,143,20,2,1
614,143,113,1,2
1875,143,20,0,0
2066,143,62,0,1
2538,143,33,2,1
2823,143,84,1,2
3021,143,92,2,1
3182,143,65,0,1
3913,143,249,0,0
666,142,189,1,0
1416,142,65,0,0
1656,142,50,0,0
1867,142,91,0,0
1970,142,52,0,0
2290,142,24,0,0
2395,142,135,0,0
4063,142,345,1,2
2055,141,27,0,0
2194,141,47,0,1
2687,141,16,0,0
3170,141,61,0,1
3194,141,37,0,0
73,140,59,0,0
902,140,73,0,1
1009,140,96,0,0
1011,140,100,0,1
1191,140,59,0,0
1376,140,341,1,2
1485,140,12,0,1
1530,140,230,2,1
1892,140,4,0,1
1977,140,13,0,0
2489,140,22,0,0
2784,140,100,0,0
3172,140,27,0,1
3348,140,26,0,0
3833,140,206,2,1
4069,140,38,0,0
801,139,6,0,0
1259,139,49,0,1
1699,139,301,1,2
1705,139,19,0,1
1951,139,79,2,1
3196,139,204,1,0
491,138,59,0,1
1920,138,336,2,1
2105,138,40,0,0
2289,138,46,0,1
2439,138,72,2,1
2560,138,48,0,1
3559,138,78,0,1
4056,138,33,0,1
619,137,69,0,1
2102,137,134,2,1
2741,137,224,2,1
3137,137,268,2,1
3349,137,83,1,0
3385,137,59,0,1
4028,137,224,2,1
331,136,98,2,1
745,136,48,0,0
962,136,45,0,0
1360,136,23,0,0
1806,136,88,0,0
2304,136,52,0,1
2438,136,99,2,1
2469,136,85,2,1
1936,135,37,0,1
2603,135,44,0,0
2732,135,82,0,1
2974,135,42,0,1
669,134,78,0,1
725,134,102,2,1
740,134,33,0,0
904,134,56,0,0
1551,134,76,1,0
1937,134,14,0,1
2561,134,34,0,1
2783,134,14,2,1
3073,134,32,0,0
3564,134,15,0,0
3782,134,145,0,0
3917,134,285,1,2
64,133,47,1,2
1159,133,98,1,0
1327,133,123,2,1
1750,133,26,0,0
1869,133,7,0,0
2457,133,41,2,1
2683,133,150,2,1
3185,133,45,0,1
3280,133,60,1,2
3357,133,72,0,1
3370,133,85,0,0
3936,133,17,0,1
224,132,123,1,2
316,132,81,2,1
341,132,191,2,1
479,132,182,2,0
1392,132,4,0,2
1862,132,57,0,1
2738,132,93,0,1
3276,132,34,0,1
3416,132,407,1,2
3661,132,341,1,2
656,131,19,0,0
1195,131,87,2,1
1227,131,99,1,0
1256,131,46,0,0
1505,131,171,2,1
1604,131,296,2,1
3055,131,47,2,1
3652,131,24,0,0
3837,131,70,1,0
3851,131,271,1,0
1405,130,32,0,1
1775,130,62,0,0
1872,130,37,0,0
3189,130,9,0,0
3584,130,78,1,2
99,129,17,0,0
1477,129,142,0,0
1548,129,19,0,0
1571,129,17,2,1
1597,129,62,2,1
1909,129,57,0,0
2564,129,29,0,1
3010,129,5,0,0
3140,129,26,0,0
3402,129,101,0,1
3571,129,49,0,1
3949,129,60,0,0
45,128,64,0,0
52,128,16,0,0
358,128,58,2,1
422,128,134,2,1
1311,128,29,0,1
1474,128,31,2,1
2357,128,205,1,0
2462,128,25,0,1
2808,128,30,0,0
3274,128,25,0,0
3293,128,70,2,1
3356,128,168,2,1
3972,128,10,0,1
205,127,10,0,0
438,127,245,2,1
1201,127,47,0,0
1706,127,48,0,1
2129,127,176,2,1
2647,127,83,0,0
2724,127,27,0,1
2729,127,29,0,0
3415,127,30,0,0
3669,127,103,2,1
3814,127,110,0,1
3843,127,23,0,0
3977,127,24,0,1
726,126,119,0,0
1298,126,194,0,0
2097,126,59,2,1
2167,126,35,0,1
3799,126,73,2,2
3859,126,19,0,0
3996,126,43,0,1
1054,125,378,1,0
1321,125,40,0,0
1361,125,15,0,0
1487,125,171,2,0
1670,125,7,0,1
1901,125,81,0,0
1929,125,113,0,0
2074,125,31,2,1
2104,125,57,0,1
2437,125,100,1,2
3197,125,43,2,0
3305,125,463,1,0
3596,125,35,1,0
330,124,132,2,1
1341,124,86,0,0
1824,124,35,0,0
1954,124,36,0,0
1985,124,30,2,1
2399,124,136,0,1
2972,124,54,2,1
3130,124,94,2,1
3512,124,56,0,0
3521,124,5,0,1
3765,124,365,0,0
3969,124,8,0,0
973,123,33,0,1
1450,123,9,0,1
2830,123,17,0,1
3091,123,80,0,1
3224,123,43,0,1
3641,123,10,0,1
65,122,288,2,1
940,122,49,1,0
1091,122,18,0,0
1563,122,317,2,1
1634,122,71,1,1
1663,122,100,0,0
2638,122,20,0,1
2887,122,375,1,2
3649,122,71,0,0
2434,121,45,0,1
2615,121,55,0,0
790,120,61,2,1
2155,120,20,0,0
2617,120,59,2,1
2626,120,68,0,1
2856,120,11,0,1
2878,120,75,1,0
3023,120,17,0,0
3404,120,49,0,1
654,119,52,2,1
963,119,10,0,0
1541,119,34,0,1
1995,119,84,2,1
2796,119,20,0,1
3114,119,19,0,0
3148,119,52,0,1
3989,119,20,0,0
140,118,131,2,1
390,118,2,0,2
1069,118,265,1,0
1123,118,45,0,1
1434,118,52,2,1
1598,118,44,0,0
2256,118,66,0,1
2421,118,88,2,1
2601,118,12,0,1
3562,118,21,0,1
4060,118,115,0,0
850,117,140,0,0
869,117,56,0,2
1318,117,178,0,0
1678,117,143,1,0
2629,117,244,2,1
3259,117,235,0,0
3352,117,39,2,1
3871,117,156,2,1
3934,117,56,0,0
4059,117,18,0,1
412,116,131,0,0
523,116,125,2,1
803,116,101,1,1
1197,116,66,0,0
1519,116,7,0,1
1578,116,16,0,0
1733,116,51,0,0
2158,116,17,0,0
2845,116,40,0,1
2908,116,12,0,1
3742,116,2,2,1
488,115,97,2,1
851,115,56,0,0
1003,115,38,0,1
1283,115,23,0,0
1586,115,49,0,0
1602,115,20,0,0
2424,115,126,2,1
2486,115,16,0,0
2516,115,54,0,0
2669,115,59,0,1
3150,115,88,2,1
3334,115,94,0,1
3633,115,163,1,2
3860,115,30,0,0
1539,114,231,2,1
1832,114,26,0,1
1940,114,19,0,1
2274,114,98,2,1
2313,114,12,0,1
2831,114,54,2,1
3169,114,6,0,1
3248,114,32,0,0
3435,114,36,0,0
3438,114,11,0,1
3482,114,61,1,0
4029,114,33,0,0
650,113,125,2,1
1001,113,27,0,0
1377,113,39,0,1
2317,113,65,2,1
3441,113,68,0,1
189,112,137,2,1
342,112,54,1,2
777,112,22,0,0
1707,112,261,2,1
2221,112,18,0,1
2745,112,157,0,0
2851,112,37,0,1
3712,112,42,0,0
1448,111,46,2,1
2225,111,8,0,1
2498,111,15,0,1
2597,111,68,0,1
2651,111,15,2,1
3607,111,197,1,1
3626,111,155,1,2
3827,111,25,0,1
616,110,51,2,1
1306,110,129,2,1
1826,110,6,0,2
1833,110,70,2,1
1874,110,64,0,0
2239,110,36,0,1
2567,110,27,0,0
3026,110,39,0,1
3064,110,71,0,1
3264,110,269,1,0
3326,110,4,0,0
3698,110,25,0,1
4006,110,63,2,1
86,109,51,0,0
773,109,213,2,1
944,109,62,0,0
1221,109,45,0,1
1644,109,39,0,1
1753,109,32,0,1
1773,109,199,2,1
1919,109,23,0,0
2018,109,150,1,0
2257,109,62,0,0
3734,109,45,0,1
3751,109,15,0,0
2,108,36,0,0
1396,108,33,0,0
1687,108,73,0,0
2061,108,59,0,1
2375,108,315,1,2
2393,108,40,0,0
2483,108,49,0,1
2506,108,53,0,1
2639,108,56,2,1
2815,108,43,0,1
3008,108,26,2,1
3173,108,6,0,0
3234,108,38,0,1
381,107,139,0,0
470,107,25,2,1
886,107,64,2,1
948,107,186,1,0
1224,107,20,0,1
1288,107,130,0,0
1784,107,19,0,1
2599,107,63,0,1
2654,107,6,0,1
2997,107,8,0,1
3043,107,176,2,1
3395,107,32,0,1
3587,107,81,0,0
3740,107,32,0,0
3845,107,10,0,0
4043,107,45,2,1
230,106,106,2,1
806,106,10,0,1
890,106,54,2,1
1100,106,12,0,0
1203,106,143,1,2
1211,106,76,0,0
1570,106,81,0,1
2036,106,25,0,1
2338,106,63,0,0
2441,106,23,0,0
2742,106,67,0,1
2913,106,10,1,0
3448,106,22,1,2
3815,106,17,0,0
4050,106,10,0,0
147,105,96,0,0
584,105,30,0,0
626,105,36,1,0
1047,105,27,0,0
1202,105,24,0,0
1837,105,253,2,1
2017,105,103,1,0
2635,105,13,0,0
2640,105,11,0,1
2746,105,1,0,1
3275,105,109,2,1
3684,105,324,2,1
3852,105,24,0,0
447,104,15,0,1
1359,104,63,0,0
1599,104,9,0,0
1734,104,35,1,0
1978,104,58,2,1
2394,104,60,0,1
2423,104,80,2,1
2461,104,17,0,1
3298,104,39,2,1
3842,104,21,0,1
105,103,41,1,0
611,103,122,0,0
900,103,104,2,1
2278,103,252,2,1
2283,103,51,1,1
2614,103,11,0,0
2748,103,217,1,0
2824,103,13,0,1
3204,103,5,0,1
3380,103,1,0,0
3428,103,90,0,1
3702,103,50,0,1
897,102,145,0,0
1501,102,67,0,0
1781,102,22,2,1
2139,102,20,2,1
3289,102,23,0,0
3528,102,103,2,1
3944,102,33,0,0
4011,102,25,0,1
903,101,37,0,1
1825,101,143,2,1
2467,101,8,2,1
2968,101,69,0,1
3421,101,3,0,1
410,100,109,2,1
567,100,15,0,0
628,100,41,0,1
682,100,88,2,2
715,100,131,0,1
1019,100,90,2,1
1397,100,91,0,0
1482,100,15,0,1
1720,100,55,2,1
1907,100,10,0,0
2229,100,38,0,0
2633,100,5,0,0
2777,100,42,0,1
2986,100,295,1,0
2993,100,165,0,0
3784,100,144,2,1
3841,100,220,2,1
3885,100,33,1,2
3924,100,170,1,2
351,99,105,2,1
593,99,42,0,1
663,99,93,0,0
734,99,17,0,1
949,99,261,2,2
1512,99,68,2,1
1655,99,18,2,1
2573,99,212,2,1
2678,99,27,0,0
2755,99,27,0,1
2782,99,99,0,0
2802,99,53,0,1
2929,99,10,0,0
3040,99,19,0,1
3070,99,68,2,1
3125,99,33,2,1
3214,99,24,2,1
3322,99,23,0,0
245,98,30,1,0
543,98,35,0,1
560,98,91,1,1
710,98,5,0,0
941,98,31,0,0
1184,98,37,0,0
1527,98,23,0,1
1624,98,218,2,1
1986,98,17,0,0
2201,98,16,2,1
2667,98,18,0,0
2717,98,11,0,1
2977,98,58,0,1
3341,98,40,0,0
3783,98,38,0,0
3818,98,45,0,1
3992,98,50,0,1
668,97,11,0,1
1557,97,109,2,1
1840,97,33,0,1
1849,97,99,0,0
1987,97,35,0,0
2003,97,14,0,1
3092,97,29,0,0
3953,97,21,0,0
215,96,373,1,0
782,96,98,2,1
970,96,28,0,0
1133,96,302,2,1
1160,96,25,0,0
1823,96,24,0,1
2019,96,182,2,1
2765,96,8,0,0
2967,96,27,0,1
3044,96,41,0,1
3246,96,110,0,0
3323,96,12,0,0
3408,96,26,2,1
3529,96,88,2,1
3890,96,76,0,1
959,95,28,0,0
1104,95,37,0,1
1882,95,8,0,1
2273,95,38,2,1
2492,95,15,0,1
2691,95,208,2,1
3046,95,13,0,1
3104,95,20,0,0
3586,95,26,0,1
3809,95,31,0,0
3995,95,38,2,1
218,94,74,1,0
1755,94,30,0,1
2181,94,15,0,0
2596,94,39,0,1
2699,94,12,0,1
2747,94,9,0,0
3720,94,23,0,0
3779,94,12,2,1
554,93,97,2,1
674,93,46,2,1
764,93,13,0,0
1023,93,44,0,0
1342,93,23,0,0
1664,93,53,0,1
1980,93,17,0,1
2084,93,18,1,0
2230,93,12,0,0
2264,93,5,0,1
2757,93,288,1,0
2768,93,23,0,0
3340,93,199,2,1
3475,93,20,0,0
3557,93,10,0,2
3598,93,88,1,0
3772,93,19,0,0
3826,93,134,0,0
3940,93,39,0,1
304,92,34,0,0
475,92,63,2,1
511,92,95,1,2
772,92,25,0,0
1749,92,63,1,0
2034,92,370,1,2
2136,92,150,2,1
2416,92,14,0,1
3268,92,18,2,1
3613,92,70,0,1
3721,92,55,0,0
4023,92,7,0,1
536,91,66,0,1
576,91,10,0,0
1339,91,32,0,0
2138,91,20,0,0
2355,91,435,1,2
2447,91,83,0,0
2525,91,59,0,0
2551,91,18,0,1
2819,91,17,0,0
3000,91,36,0,1
3941,91,45,0,1
693,90,39,0,1
1213,90,16,0,1
1484,90,172,1,0
1853,90,20,0,1
2054,90,7,0,0
2587,90,9,2,1
2590,90,193,2,1
3244,90,1,0,0
1053,89,89,2,0
1348,89,10,0,0
1703,89,22,0,1
1902,89,53,2,1
1917,89,48,0,0
2035,89,5,0,0
2149,89,35,0,0
2294,89,224,1,1
2507,89,56,0,0
2627,89,38,0,1
2674,89,41,0,0
2874,89,14,0,0
3127,89,206,2,1
3232,89,7,0,1
3453,89,59,0,0
3898,89,24,0,1
3973,89,220,2,1
627,88,52,0,1
1065,88,97,1,0
1314,88,8,0,0
2027,88,12,2,1
2407,88,63,0,1
3203,88,63,0,1
124,87,105,2,1
998,87,19,0,1
2086,87,30,0,0
2189,87,6,0,1
2253,87,32,0,0
2521,87,35,0,0
2942,87,38,2,1
3350,87,18,1,0
3497,87,18,0,0
411,86,179,2,1
759,86,72,0,0
1172,86,94,0,0
1212,86,15,0,1
1676,86,61,1,0
1821,86,43,0,1
1845,86,68,2,1
2760,86,48,0,1
2822,86,73,0,0
3151,86,43,2,1
3930,86,46,0,1
222,85,4,0,1
873,85,18,0,1
1076,85,73,1,0
1097,85,49,2,1
1142,85,44,0,0
1546,85,67,0,1
1701,85,12,0,0
2427,85,189,2,1
2482,85,21,0,1
2491,85,18,0,1
2593,85,7,0,1
2789,85,5,0,1
2868,85,27,0,1
3042,85,5,0,1
3142,85,19,2,1
3265,85,97,2,1
3386,85,12,0,1
3457,85,37,0,1
3603,85,31,2,1
3767,85,7,0,1
3998,85,58,2,1
592,84,151,2,1
812,84,3,0,0
1187,84,24,0,0
1990,84,12,0,1
2377,84,36,2,1
2390,84,79,2,1
2471,84,14,0,1
2479,84,43,0,0
2583,84,29,0,0
2870,84,29,0,0
3039,84,19,0,1
3309,84,32,0,0
3971,84,88,0,1
243,83,140,1,2
920,83,130,2,1
921,83,210,2,1
1612,83,101,0,0
2043,83,54,0,1
2474,83,25,0,1
2733,83,26,2,1
3121,83,31,2,1
3190,83,12,0,0
3524,83,60,0,0
3813,83,16,0,0
925,82,5,0,1
1181,82,166,0,0
1277,82,23,0,1
1347,82,24,0,0
1564,82,30,0,0
1679,82,82,0,0
1868,82,234,2,2
1913,82,33,0,1
2075,82,124,2,1
2227,82,36,0,1
3513,82,13,0,1
3544,82,63,0,1
3569,82,37,2,1
3683,82,34,0,0
3757,82,113,2,1
3804,82,172,2,1
3819,82,34,0,0
3910,82,75,0,0
774,81,71,0,1
1002,81,25,2,1
1183,81,8,0,1
1285,81,22,0,0
1383,81,301,1,2
1714,81,152,2,1
1757,81,43,0,1
2228,81,7,0,0
2477,81,23,2,1
2684,81,19,0,0
2771,81,340,0,0
2825,81,19,0,1
3324,81,13,0,0
3642,81,127,1,0
3875,81,12,0,1
4019,81,92,2,1
322,80,38,2,1
635,80,48,2,1
1052,80,57,2,1
1843,80,11,0,0
1918,80,46,1,0
2026,80,66,2,1
2284,80,63,0,1
2299,80,6,0,0
2343,80,163,2,1
2961,80,21,0,1
3002,80,55,0,0
3014,80,13,0,1
3251,80,22,0,1
3728,80,10,0,0
817,79,1,0,0
1004,79,12,0,1
1445,79,28,2,1
2007,79,26,2,1
2093,79,12,0,0
2312,79,29,0,1
2385,79,26,0,0
2495,79,18,2,1
2650,79,142,1,2
2995,79,13,0,1
3237,79,4,0,0
3407,79,47,0,0
3602,79,24,0,0
3980,79,95,0,0
399,78,10,0,0
837,78,14,0,0
1590,78,17,1,0
1690,78,106,0,0
1800,78,30,2,1
1965,78,24,0,1
1973,78,45,0,1
2053,78,28,2,1
2232,78,19,0,1
2442,78,9,0,0
3067,78,168,0,1
3355,78,9,0,1
3789,78,5,0,1
3868,78,87,2,1
22,77,50,0,0
689,77,40,0,1
934,77,48,2,1
1455,77,38,0,0
1525,77,64,0,1
2041,77,33,0,1
2282,77,18,0,1
2410,77,18,0,1
2519,77,13,0,1
2710,77,470,1,0
3313,77,324,1,2
3654,77,68,1,0
3820,77,2,0,1
3948,77,8,0,1
1537,76,13,0,2
1943,76,16,0,1
2391,76,5,2,1
2532,76,18,0,1
2586,76,41,0,1
2970,76,37,0,0
2982,76,19,0,1
3269,76,46,0,0
3412,76,20,0,1
3773,76,76,0,0
3895,76,141,1,2
3916,76,110,0,0
273,75,48,0,0
474,75,26,0,0
1506,75,125,1,0
1791,75,55,0,0
1795,75,2,0,0
1851,75,20,0,1
1942,75,11,0,1
1957,75,101,0,1
1998,75,19,2,1
2039,75,10,0,1
2063,75,39,0,1
2191,75,13,0,1
2642,75,3,0,0
3049,75,2,2,1
3281,75,16,0,0
3295,75,23,0,1
3384,75,47,2,1
3504,75,9,0,0
3567,75,90,2,1
3703,75,13,0,1
3985,75,17,0,0
384,74,52,0,1
978,74,17,0,0
1095,74,36,0,0
1418,74,74,0,0
1617,74,23,1,0
1948,74,40,1,2
1982,74,12,0,0
2214,74,9,0,1
2703,74,90,2,1
2714,74,19,0,1
3076,74,50,2,1
3110,74,131,2,1
3267,74,146,1,1
3577,74,87,0,0
3946,74,30,0,1
1312,73,24,0,1
1661,73,26,0,0
1744,73,43,2,1
1881,73,28,1,0
2148,73,6,0,1
2190,73,237,2,1
2713,73,15,0,0
2853,73,32,0,1
3674,73,8,0,0
586,72,5,0,0
955,72,20,0,0
1309,72,237,2,1
2192,72,4,0,1
2360,72,1,0,1
2404,72,6,0,0
2692,72,22,0,1
3013,72,30,0,1
3164,72,26,0,1
3680,72,11,0,0
4031,72,11,0,1
730,71,45,0,0
966,71,20,0,0
1394,71,2,0,1
1780,71,10,0,0
2045,71,15,0,0
2401,71,226,1,0
2843,71,9,0,1
3068,71,26,0,1
3233,71,70,0,1
3867,71,56,1,0
3939,71,17,0,1
3990,71,4,0,1
4005,71,5,0,1
4068,71,51,2,1
531,70,42,2,1
1247,70,20,0,0
2609,70,12,0,0
2708,70,7,0,1
2960,70,13,0,0
3065,70,49,0,0
3106,70,17,0,1
3366,70,70,2,1
3532,70,15,0,0
3561,70,35,0,1
3863,70,72,0,1
581,69,39,0,1
727,69,10,0,0
1220,69,7,0,1
1660,69,23,0,0
1736,69,83,1,1
2022,69,16,0,1
2242,69,8,0,1
2244,69,12,0,1
2270,69,6,0,1
2452,69,61,0,1
2513,69,21,2,1
2798,69,12,0,1
2865,69,1,2,1
3273,69,26,0,0
3660,69,279,1,2
3672,69,26,0,0
3685,69,16,0,1
3714,69,24,0,0
3750,69,32,0,0
3801,69,32,0,1
867,68,70,1,2
923,68,17,0,1
1136,68,6,0,1
1163,68,92,0,1
1719,68,52,2,1
1808,68,99,0,2
2555,68,61,2,1
2888,68,88,0,0
2901,68,10,0,1
2906,68,25,0,1
2936,68,40,0,1
3317,68,4,0,1
3846,68,11,0,0
4055,68,28,0,1
326,67,26,0,1
783,67,21,2,1
891,67,20,2,1
1139,67,69,2,1
1248,67,92,0,0
1574,67,28,0,1
1643,67,18,0,0
1649,67,3,0,0
1834,67,12,0,1
1967,67,42,2,1
2060,67,178,2,1
2062,67,22,0,1
2322,67,36,0,1
2354,67,43,0,0
2542,67,19,0,0
2662,67,21,0,0
2712,67,60,0,1
3126,67,46,2,1
3501,67,11,2,1
3580,67,21,0,0
3722,67,39,2,1
3835,67,74,0,1
1814,66,17,2,1
2015,66,18,0,1
2108,66,17,0,1
2378,66,39,2,1
2522,66,184,2,1
2527,66,24,2,1
2679,66,12,0,1
2761,66,20,2,1
2773,66,197,2,1
3103,66,10,0,1
3291,66,71,2,1
3306,66,2,0,1
3747,66,362,1,1
3979,66,93,2,1
691,65,9,0,1
713,65,91,0,0
975,65,38,1,2
1393,65,376,1,2
1938,65,58,0,0
2252,65,14,0,0
2721,65,4,0,2
2855,65,12,0,1
3810,65,17,0,1
664,64,16,1,0
908,64,11,0,1
1241,64,50,0,1
1432,64,48,2,1
1524,64,29,0,0
1713,64,28,1,0
2038,64,75,0,0
2606,64,6,0,0
2800,64,20,0,1
2862,64,72,0,1
2863,64,14,0,1
2946,64,21,0,1
3238,64,37,0,1
3473,64,14,2,1
3508,64,59,1,0
2146,63,115,2,1
2168,63,131,0,0
2882,63,39,2,0
3761,63,7,0,1
3785,63,26,0,0
3982,63,17,0,1
4062,63,49,2,1
652,62,13,0,1
653,62,16,2,1
760,62,13,0,1
1164,62,86,0,0
1276,62,27,0,0
1856,62,9,0,0
2114,62,36,0,1
2445,62,7,0,1
2504,62,13,0,0
2547,62,69,2,1
2937,62,9,0,1
2984,62,21,0,0
2985,62,26,0,1
3362,62,2,0,0
3413,62,445,1,2
3527,62,50,0,0
1192,61,38,0,1
1199,61,21,0,0
2024,61,13,0,1
2077,61,10,0,1
2095,61,53,1,2
2318,61,28,2,1
2365,61,16,2,1
2881,61,46,0,1
3563,61,7,0,1
3840,61,37,2,1
4013,61,14,0,1
1818,60,36,0,0
1861,60,55,2,1
2046,60,42,0,0
2052,60,172,2,1
2325,60,7,0,1
2418,60,32,0,0
2487,60,7,0,1
2857,60,12,0,1
3143,60,7,0,0
3856,60,54,0,1
3921,60,408,1,0
3970,60,5,0,1
862,59,155,0,0
1440,59,14,0,1
1552,59,61,0,0
1559,59,28,2,1
1922,59,166,2,1
2286,59,30,0,1
2367,59,3,0,0
2510,59,15,0,0
2846,59,34,2,1
2943,59,32,2,1
2999,59,28,0,1
3097,59,40,0,0
3153,59,20,2,1
3294,59,60,0,0
3454,59,23,0,1
3488,59,29,1,0
3526,59,16,0,0
3600,59,215,2,1
3811,59,1,0,1
3830,59,14,0,0
3884,59,48,0,1
3903,59,5,0,1
889,58,3,0,1
1140,58,7,0,0
1783,58,9,0,0
1838,58,38,2,1
2200,58,17,2,1
2440,58,10,2,1
2566,58,9,0,0
2577,58,15,0,0
2814,58,3,0,0
2919,58,187,1,1
3311,58,29,0,1
3847,58,5,0,0
180,57,35,1,0
642,57,27,1,2
1413,57,28,0,1
1498,57,3,0,1
2271,57,296,2,0
2497,57,33,0,1
2616,57,9,0,1
2873,57,71,0,1
2891,57,8,2,1
3016,57,8,0,0
3256,57,11,0,0
3358,57,22,0,0
3491,57,2,0,1
3709,57,63,0,0
807,56,6,0,1
887,56,17,2,1
1014,56,22,0,0
2236,56,48,1,2
2277,56,141,0,0
2301,56,4,0,1
2310,56,18,0,1
2400,56,20,0,1
2607,56,14,0,0
2820,56,13,0,0
3242,56,38,0,0
3490,56,279,1,1
3904,56,8,0,1
3981,56,12,0,0
4021,56,9,0,0
1323,55,6,2,1
1577,55,9,0,1
1645,55,36,0,0
1819,55,136,0,0
1854,55,28,1,0
2042,55,37,0,1
2185,55,64,0,1
2296,55,53,0,1
2701,55,2,0,1
2836,55,64,0,0
3112,55,39,0,0
3188,55,13,2,1
3711,55,49,2,1
3731,55,54,0,1
4007,55,2,0,1
992,54,206,0,0
1116,54,141,2,1
1326,54,4,0,1
1545,54,24,0,1
2154,54,14,0,0
2366,54,115,1,2
2595,54,12,0,1
2623,54,45,0,1
2645,54,10,0,0
2850,54,20,2,1
2994,54,10,0,1
3001,54,15,0,0
3162,54,12,0,0
3181,54,56,0,0
3425,54,10,0,0
3732,54,15,0,0
607,53,99,0,0
749,53,54,0,0
784,53,35,0,0
1113,53,53,2,1
1205,53,9,0,1
1374,53,38,2,1
1462,53,33,1,0
1765,53,14,0,0
1981,53,4,0,0
2173,53,23,0,0
2327,53,56,0,0
2383,53,119,2,1
2517,53,137,2,1
3035,53,9,0,1
3080,53,52,2,1
3111,53,12,0,0
943,52,28,0,1
1106,52,160,2,1
1692,52,26,0,1
1865,52,6,2,1
2096,52,4,0,2
2550,52,45,2,1
2648,52,21,0,0
2711,52,3,0,1
2799,52,20,0,1
2828,52,7,0,0
2880,52,21,0,0
3006,52,12,0,0
3131,52,7,0,1
3292,52,28,0,1
3344,52,68,2,1
3433,52,4,2,1
3464,52,6,0,0
3825,52,3,0,1
3849,52,85,0,0
3915,52,383,1,0
4039,52,5,0,0
544,51,23,0,1
578,51,35,0,1
684,51,18,0,1
928,51,11,0,1
957,51,7,1,0
1122,51,173,1,1
1207,51,14,0,0
1960,51,3,0,1
2164,51,2,0,0
2259,51,27,0,0
2333,51,32,0,0
2459,51,10,0,1
2632,51,16,0,1
2835,51,8,0,1
2944,51,3,0,0
3009,51,110,1,0
3077,51,31,0,1
3105,51,5,0,1
3129,51,19,0,1
3191,51,19,0,1
3223,51,10,0,0
3252,51,12,2,1
4000,51,283,2,1
1560,50,100,0,0
2069,50,45,0,1
2341,50,21,0,0
2426,50,9,1,1
2485,50,16,0,1
2628,50,2,1,1
2917,50,78,0,1
2989,50,10,0,1
3054,50,51,2,1
3072,50,35,1,0
3376,50,24,2,1
3844,50,1,0,1
3926,50,9,0,0
1579,49,9,0,0
2665,49,6,0,1
2753,49,78,2,1
2759,49,2,2,0
2893,49,2,2,1
3417,49,2,0,1
3675,49,8,0,0
3766,49,13,0,1
4040,49,12,0,1
683,48,244,0,0
2071,48,3,0,1
2109,48,28,0,0
2376,48,12,0,0
2622,48,30,0,1
2670,48,9,0,0
2758,48,345,2,1
2805,48,62,0,1
2932,48,19,0,1
2939,48,45,2,1
3030,48,11,0,1
3418,48,3,0,0
3578,48,27,0,1
3582,48,13,2,1
3861,48,10,0,0
3976,48,80,2,1
847,47,10,0,0
1090,47,15,0,1
1375,47,5,0,0
1457,47,22,0,0
1711,47,21,2,1
1785,47,17,0,1
1910,47,7,0,0
2165,47,18,2,1
2199,47,5,2,1
2883,47,6,0,1
3755,47,30,2,1
490,46,10,0,0
620,46,32,1,0
703,46,30,0,0
1278,46,43,0,1
1351,46,28,0,0
1558,46,6,2,1
1743,46,8,0,0
1779,46,28,0,0
1961,46,10,0,0
2326,46,8,0,1
2352,46,22,0,0
2575,46,6,0,1
2655,46,12,0,1
2838,46,5,0,0
2912,46,16,0,1
3011,46,19,0,0
3382,46,1,0,0
3383,46,28,2,1
3397,46,29,0,1
3485,46,10,1,2
3565,46,24,2,1
3574,46,20,0,1
3768,46,42,1,2
3796,46,8,0,1
61,45,72,1,2
506,45,51,2,1
559,45,25,0,1
1029,45,91,0,0
1162,45,32,0,0
1279,45,2,0,1
1349,45,89,0,0
1946,45,18,0,1
2006,45,9,0,0
2089,45,27,0,1
2132,45,17,0,1
2135,45,33,0,1
2209,45,16,0,1
2379,45,32,2,1
2535,45,56,0,1
2582,45,14,0,0
2673,45,12,0,0
2689,45,58,2,1
2727,45,10,0,1
2954,45,34,2,1
3220,45,19,2,1
3287,45,15,0,0
3401,45,4,0,1
3550,45,13,0,0
697,44,40,2,1
906,44,28,0,0
1702,44,5,0,0
1764,44,5,1,0
1905,44,15,2,1
2170,44,4,0,0
2349,44,34,1,2
2762,44,4,0,0
3036,44,11,0,1
3074,44,15,0,1
3120,44,15,0,0
3175,44,18,0,0
3405,44,19,0,1
3593,44,3,0,0
3673,44,37,0,0
3718,44,20,2,1
234,43,6,0,1
853,43,6,0,0
1261,43,12,0,1
1575,43,17,0,0
1594,43,7,0,1
1886,43,3,0,0
1925,43,28,0,1
1984,43,26,0,1
2004,43,27,2,1
2056,43,22,0,1
2134,43,17,0,0
2261,43,20,0,0
2340,43,23,2,1
2546,43,6,0,0
2571,43,10,0,0
2663,43,6,0,0
2785,43,24,2,1
2827,43,12,1,2
2885,43,5,2,1
2978,43,3,0,0
3118,43,64,2,1
3228,43,7,0,1
3449,43,57,0,1
3822,43,56,2,1
3879,43,12,0,0
3892,43,8,0,0
3937,43,10,0,1
3994,43,5,0,0
4044,43,71,0,0
4067,43,11,0,0
1099,42,13,0,1
1179,42,30,0,0
2014,42,49,1,2
2029,42,8,2,1
2202,42,19,0,1
2430,42,1,0,1
2444,42,14,0,0
2464,42,42,0,1
2619,42,9,0,1
2832,42,21,2,1
2945,42,21,0,1
3087,42,9,0,0
3682,42,29,0,0
686,41,43,1,1
914,41,60,2,1
2048,41,15,0,1
2110,41,27,2,1
2198,41,9,0,1
2291,41,8,0,1
2332,41,42,2,1
2767,41,5,0,0
2860,41,18,0,1
2875,41,57,0,1
3015,41,14,2,1
3330,41,25,2,1
3335,41,7,0,1
3373,41,44,2,1
3390,41,5,0,0
3496,41,2,0,1
3651,41,50,0,0
4057,41,2,0,1
1384,40,74,0,1
1528,40,63,0,1
1641,40,29,2,1
2215,40,13,2,1
2359,40,34,0,1
2448,40,14,0,0
2589,40,29,0,0
2780,40,12,0,1
3159,40,2,0,1
3414,40,26,0,1
3467,40,325,1,2
3615,40,74,2,1
3635,40,8,0,0
3764,40,25,1,2
3807,40,12,0,0
4009,40,16,2,1
4016,40,12,0,1
4041,40,25,2,1
375,39,6,0,0
678,39,21,0,1
1017,39,10,0,0
1057,39,27,0,0
1175,39,21,0,1
1218,39,42,0,1
1504,39,59,0,0
1509,39,7,0,1
1992,39,34,0,0
2021,39,10,0,0
2262,39,7,0,1
2463,39,24,0,1
2658,39,7,0,1
2749,39,15,0,1
2754,39,18,0,0
2996,39,45,0,1
3122,39,8,0,1
3263,39,7,0,1
3573,39,18,0,1
3620,39,13,0,1
3628,39,15,0,0
3749,39,1,0,1
3795,39,3,0,1
1141,38,32,2,1
1155,38,14,0,0
1193,38,4,0,1
1304,38,25,2,1
2082,38,20,0,0
2502,38,13,0,0
2608,38,169,2,1
2613,38,113,0,0
2740,38,15,2,1
2903,38,20,0,1
2923,38,16,1,2
3505,38,12,0,2
3547,38,10,2,1
3627,38,18,0,0
3741,38,42,0,1
3961,38,1,0,0
4064,38,3,0,0
176,37,1,0,0
618,37,17,0,0
788,37,114,0,0
997,37,12,0,0
2688,37,42,2,1
2769,37,3,0,0
3198,37,22,2,1
3250,37,18,0,1
3290,37,3,0,0
3535,37,4,0,0
3821,37,8,0,1
3897,37,86,1,0
283,36,131,1,2
329,36,45,2,1
1718,36,7,0,1
1822,36,3,1,0
1848,36,36,0,0
2030,36,9,0,1
2218,36,21,0,0
2234,36,66,2,1
2475,36,17,0,0
2904,36,19,0,1
3037,36,15,0,1
3372,36,16,0,1
3530,36,6,0,2
3745,36,15,0,0
4012,36,4,0,1
4045,36,31,0,0
402,35,7,0,0
552,35,27,1,1
854,35,11,0,0
1158,35,39,1,2
1605,35,1,2,1
1631,35,9,0,0
1724,35,10,0,0
1730,35,24,0,0
1903,35,5,0,1
2266,35,21,0,0
2781,35,374,1,2
2915,35,12,0,1
2920,35,15,2,1
2990,35,3,0,1
3141,35,10,2,1
3307,35,20,1,1
3406,35,85,2,1
3419,35,6,0,0
3862,35,19,0,1
48,34,3,0,1
228,34,9,0,1
571,34,1,0,1
706,34,6,0,0
1923,34,18,0,1
2085,34,45,2,1
2324,34,34,0,1
2526,34,15,0,0
2637,34,2,2,1
2750,34,22,0,0
2795,34,37,0,0
2962,34,4,0,1
3102,34,7,0,1
3208,34,17,1,1
3302,34,11,0,1
3369,34,4,0,0
3393,34,2,2,1
3568,34,10,0,0
3572,34,44,2,1
507,33,52,0,0
600,33,12,0,1
1043,33,15,0,0
1225,33,57,2,1
1446,33,9,2,1
2197,33,52,0,1
2275,33,2,0,1
2303,33,20,0,1
2537,33,92,2,1
2636,33,8,0,1
3034,33,21,0,1
3069,33,4,0,1
3184,33,6,0,1
3338,33,29,0,0
3367,33,8,2,1
3398,33,18,0,1
3681,33,4,0,0
3695,33,101,0,1
3717,33,15,0,0
3870,33,26,0,1
3993,33,4,0,1
4042,33,15,0,1
323,32,4,0,2
733,32,14,0,0
896,32,19,0,1
958,32,13,0,0
1632,32,5,1,0
1983,32,2,2,1
2397,32,258,1,2
2568,32,2,0,0
2668,32,12,0,1
2725,32,117,2,1
2801,32,1,0,1
2991,32,15,0,1
3061,32,9,0,1
3179,32,8,0,0
3403,32,18,0,0
3554,32,20,1,2
3558,32,12,0,1
3614,32,4,0,1
4032,32,27,0,0
638,31,21,0,1
1188,31,10,1,0
1627,31,16,1,0
1768,31,149,2,1
2087,31,31,2,1
2203,31,128,1,2
2508,31,2,0,1
2704,31,1,0,1
2751,31,4,2,1
2763,31,30,2,1
2907,31,2,0,1
2918,31,25,2,1
3748,31,73,1,0
3967,31,8,2,1
3991,31,2,0,0
300,30,11,2,1
1059,30,19,2,1
1752,30,2,0,0
1810,30,14,0,0
1956,30,20,0,1
2033,30,19,0,1
2204,30,28,0,1
2425,30,4,0,1
2478,30,29,2,1
2569,30,1,0,1
3053,30,13,2,1
3420,30,122,2,1
3663,30,70,2,1
3876,30,17,2,1
3881,30,53,1,1
3909,30,9,0,1
3945,30,3,0,1
3955,30,28,2,1
43,29,30,0,0
1215,29,53,2,1
1412,29,6,0,1
1739,29,36,0,0
1771,29,436,1,0
1876,29,28,2,1
1911,29,16,0,1
1976,29,22,0,1
2226,29,17,0,0
2428,29,2,0,1
2460,29,24,3,0
2965,29,1,0,1
3365,29,19,2,1
3392,29,10,0,0
3444,29,1,0,1
3551,29,16,2,1
3737,29,2,0,1
3912,29,49,1,0
4052,29,7,0,1
443,28,13,2,1
927,28,8,2,1
931,28,161,0,0
1330,28,94,0,0
1491,28,14,0,0
1742,28,27,2,1
1944,28,9,0,1
2067,28,54,0,0
2131,28,9,0,1
2344,28,25,0,0
2563,28,16,2,1
2902,28,18,0,1
3236,28,29,0,0
3585,28,13,0,1
3781,28,1,0,0
3857,28,23,0,2
3943,28,16,0,0
827,27,1,0,0
1200,27,39,0,1
1257,27,8,0,1
1502,27,4,2,1
2072,27,16,0,0
2119,27,3,2,1
2362,27,3,0,0
2451,27,6,0,0
2468,27,41,2,1
2776,27,4,0,1
2876,27,20,0,1
3271,27,5,0,0
3318,27,25,0,0
3631,27,45,2,0
3694,27,16,0,1
3829,27,1,0,1
3891,27,1,0,1
3893,27,49,1,0
3905,27,75,0,1
3928,27,3,0,1
3984,27,16,0,1
4015,27,7,0,1
4066,27,5,0,0
16,26,7,0,0
526,26,36,2,1
1103,26,5,0,1
2002,26,7,0,1
2106,26,2,0,0
2180,26,30,0,1
2216,26,6,0,1
2398,26,2,2,1
2484,26,27,0,1
2496,26,12,0,1
2548,26,53,0,1
2620,26,5,0,1
3138,26,12,0,0
3177,26,6,0,0
3343,26,3,1,0
3456,26,27,2,1
4022,26,34,0,0
4037,26,3,2,1
244,25,10,0,1
311,25,102,2,1
338,25,5,0,1
658,25,30,0,0
1084,25,19,0,0
1667,25,53,0,0
2166,25,1,0,1
2169,25,14,0,1
2188,25,14,0,1
2206,25,6,0,0
2298,25,9,0,1
2476,25,1,0,1
2594,25,9,0,0
2605,25,6,0,0
2756,25,32,0,1
2869,25,7,0,0
3329,25,3,0,1
3410,25,10,2,1
3595,25,34,0,1
3677,25,11,0,0
3771,25,9,0,1
3791,25,17,0,1
3889,25,23,0,0
306,24,4,0,1
370,24,7,2,1
612,24,1,0,1
972,24,6,1,0
1149,24,72,1,0
1653,24,79,0,0
1802,24,3,0,0
2098,24,37,0,1
2115,24,12,0,1
2126,24,62,2,1
2374,24,11,0,1
2897,24,10,0,0
3017,24,23,0,1
3389,24,5,0,0
3710,24,4,0,0
3713,24,2,0,1
3777,24,7,0,1
3806,24,31,0,0
846,23,8,1,2
864,23,10,0,1
1272,23,17,0,1
1305,23,1,0,1
1518,23,5,0,1
1576,23,5,0,0
2120,23,14,0,0
2494,23,1,0,1
2528,23,41,2,1
2545,23,93,0,0
2833,23,21,0,0
3495,23,3,0,1
3678,23,13,0,0
3974,23,10,0,0
591,22,4,0,0
675,22,11,0,1
717,22,38,0,0
779,22,137,1,0
1010,22,2,0,1
1338,22,3,0,1
1616,22,3,0,1
1893,22,10,0,1
2251,22,8,0,0
2382,22,12,0,0
2834,22,3,0,0
2877,22,16,1,1
2928,22,3,0,1
2949,22,34,0,1
3094,22,47,0,1
3545,22,5,0,0
3553,22,5,2,1
3601,22,8,0,0
3609,22,3,0,1
3911,22,32,2,1
3952,22,7,0,1
1066,21,6,2,1
1280,21,5,0,1
1421,21,5,0,1
1535,21,30,2,1
1782,21,10,0,0
1927,21,144,2,1
2088,21,54,1,0
2336,21,50,2,0
2371,21,29,0,0
2500,21,80,2,1
2706,21,9,0,0
2872,21,42,0,0
2914,21,75,0,1
2983,21,5,0,1
3107,21,18,0,1
3278,21,14,0,1
3427,21,4,0,0
3484,21,19,0,0
3500,21,49,0,1
3788,21,2,0,0
3872,21,8,0,1
3886,21,29,2,1
3999,21,3,0,1
274,20,28,0,0
379,20,4,0,0
587,20,9,0,0
598,20,16,0,1
926,20,35,2,1
981,20,1,0,1
1912,20,7,0,0
2523,20,60,0,0
3066,20,2,0,1
3195,20,2,0,1
3211,20,167,2,1
3222,20,4,0,1
3534,20,8,2,1
3724,20,4,0,1
3902,20,5,0,1
3965,20,11,0,0
4003,20,11,0,1
982,19,2,0,1
1073,19,14,2,1
1143,19,126,2,1
1637,19,102,2,0
2140,19,84,0,2
2150,19,96,2,1
2255,19,7,0,1
2329,19,25,0,1
2433,19,3,0,1
2499,19,2,2,1
2544,19,6,0,0
2720,19,4,0,1
2807,19,2,0,0
2812,19,2,0,0
2818,19,3,0,0
2849,19,10,2,1
2952,19,8,0,1
3180,19,4,2,1
3216,19,40,0,1
3310,19,3,0,1
3440,19,9,0,1
3763,19,4,2,1
4033,19,2,0,1
4046,19,6,0,1
517,18,9,0,1
1209,18,25,2,1
1235,18,16,0,0
1273,18,2,0,1
1871,18,52,0,0
2101,18,24,0,0
2175,18,94,0,1
2345,18,10,0,0
2358,18,5,0,0
2481,18,1,0,1
2951,18,1,0,1
3168,18,7,0,1
3229,18,5,2,1
3279,18,3,0,1
3363,18,7,0,0
3539,18,13,2,1
4030,18,13,0,1
156,17,188,2,1
901,17,1,0,1
1409,17,370,1,0
2151,17,15,0,0
2744,17,6,2,1
2948,17,42,2,1
2963,17,3,0,0
3048,17,11,0,1
3139,17,7,0,0
3199,17,1,0,1
3253,17,20,2,1
3906,17,369,1,0
3919,17,1,0,1
3920,17,11,0,2
3983,17,35,0,0
4001,17,2,0,0
4017,17,8,2,1
448,16,5,0,1
1166,16,2,0,1
1542,16,41,0,1
2171,16,10,0,0
2405,16,3,0,0
2910,16,6,2,1
3166,16,5,2,1
3225,16,1,0,1
3542,16,2,0,0
3588,16,45,2,1
3794,16,13,0,0
4008,16,2,0,1
286,15,332,1,0
299,15,4,0,0
766,15,8,0,0
1226,15,19,0,0
1532,15,17,0,1
1635,15,3,2,1
1668,15,25,1,2
1941,15,4,0,1
2068,15,5,0,1
2081,15,19,0,1
2320,15,1,0,0
2335,15,2,0,1
2455,15,10,2,2
2480,15,8,0,1
2816,15,3,0,1
3075,15,6,0,1
3163,15,8,0,1
3207,15,8,0,1
3331,15,3,0,1
3332,15,7,0,1
3346,15,6,0,1
3511,15,1,0,0
3756,15,8,1,0
3838,15,6,0,0
3927,15,2,0,1
804,14,12,0,1
1381,14,10,0,1
1797,14,6,0,0
1815,14,13,2,1
1857,14,1,0,1
1994,14,1,0,0
2514,14,2,0,0
2531,14,9,0,0
2858,14,56,2,1
2899,14,32,2,1
3115,14,72,0,1
3209,14,1,0,1
3266,14,8,1,1
3443,14,3,0,0
3552,14,3,0,1
3775,14,37,1,0
3790,14,1,0,0
3836,14,174,0,0
3929,14,7,0,1
961,13,4,0,0
1438,13,2,0,1
1971,13,2,0,1
2143,13,28,0,1
2179,13,12,0,1
2263,13,6,0,1
2488,13,7,0,0
2562,13,7,2,1
2604,13,4,0,0
3431,13,1,0,0
3446,13,6,0,0
3618,13,3,0,0
3679,13,245,1,2
4002,13,289,2,1
33,12,7,1,1
481,12,45,0,2
629,12,1,0,1
677,12,4,0,1
1685,12,39,0,0
1746,12,172,1,0
1897,12,2,0,1
2737,12,9,2,1
2811,12,5,0,0
2905,12,2,0,1
2992,12,2,0,0
3032,12,12,0,0
3155,12,1,2,1
3157,12,32,1,1
3339,12,1,0,1
3396,12,3,0,1
3608,12,1,0,0
3877,12,4,0,1
3968,12,22,0,1
4024,12,4,0,1
100,11,13,2,1
407,11,4,0,1
868,11,8,4,1
1040,11,39,1,1
1255,11,19,0,0
1373,11,121,1,0
1461,11,2,0,0
1529,11,4,0,1
1839,11,14,2,1
2080,11,6,0,0
2661,11,9,0,0
2779,11,13,0,1
2854,11,5,0,0
3201,11,21,1,0
3374,11,16,0,1
3447,11,143,1,1
3739,11,283,1,2
1088,10,5,0,0
1675,10,9,0,1
1895,10,23,1,0
2177,10,189,2,1
2182,10,1,0,1
2213,10,6,0,0
2246,10,14,2,0
2454,10,14,0,1
2752,10,59,0,1
2817,10,4,0,0
3260,10,6,0,1
3536,10,14,0,1
3645,10,1,0,1
3753,10,4,0,1
3834,10,2,0,2
261,9,4,0,2
767,9,19,0,0
971,9,2,0,1
1493,9,11,0,0
1503,9,2,0,1
1510,9,176,2,1
1636,9,5,0,1
1950,9,15,2,1
2176,9,1,0,0
2212,9,12,2,1
2254,9,8,0,1
2267,9,4,0,1
2384,9,8,0,1
2529,9,13,0,1
2681,9,1,2,1
2722,9,8,1,1
2739,9,234,2,1
2764,9,41,2,1
2947,9,11,2,1
3109,9,11,0,0
3261,9,6,0,0
3375,9,4,0,0
3462,9,2,0,0
3933,9,2,0,1
4020,9,3,0,0
362,8,14,0,0
538,8,12,0,0
910,8,10,0,1
976,8,2,0,0
990,8,6,0,1
1496,8,52,1,1
1568,8,24,0,0
1860,8,4,0,1
1945,8,1,0,0
2073,8,2,0,1
2099,8,1,0,1
2157,8,11,0,1
2243,8,71,1,2
2258,8,4,0,1
2672,8,4,0,0
2959,8,3,0,0
3005,8,62,0,1
3262,8,3,0,0
3480,8,6,0,1
3736,8,20,1,1
3964,8,5,0,0
4010,8,5,0,1
4018,8,3,2,1
4061,8,4,2,1
4065,8,33,0,1
556,7,52,2,1
648,7,23,2,1
709,7,1,0,1
738,7,19,0,0
1601,7,8,1,2
1804,7,3,0,0
2008,7,15,0,1
2113,7,1,0,0
2147,7,360,0,0
2240,7,18,0,0
2386,7,6,0,0
2432,7,13,2,1
2728,7,22,2,1
2871,7,2,0,1
2971,7,85,2,1
3853,7,13,2,1
3901,7,8,0,1
3925,7,394,1,2
3947,7,3,2,1
453,6,1,0,1
659,6,5,0,1
1156,6,7,2,1
1234,6,3,1,0
1380,6,2,1,1
1611,6,7,1,0
1716,6,44,1,2
1827,6,7,0,0
2184,6,2,0,0
2466,6,3,0,0
2707,6,6,0,1
2766,6,7,2,1
2844,6,1,0,1
2988,6,3,0,0
3193,6,2,0,1
3231,6,1,0,1
3474,6,53,2,1
3634,6,10,2,1
3637,6,4,0,1
3786,6,1,0,0
3802,6,20,1,1
1120,5,1,0,0
1258,5,2,0,1
1499,5,1,0,1
2193,5,2,0,1
2272,5,8,2,1
2339,5,5,0,1
2911,5,5,0,1
3057,5,191,2,1
3300,5,2,0,0
3320,5,1,0,2
3752,5,6,0,1
3931,5,1,0,0
3942,5,4,0,1
3987,5,34,2,1
594,4,8,2,1
673,4,1,0,0
917,4,1,0,1
930,4,4,0,1
1243,4,4,0,1
1356,4,4,1,0
1726,4,45,2,1
2222,4,1,0,1
2268,4,14,1,1
2309,4,5,0,1
2630,4,2,0,0
2715,4,2,0,1
2829,4,12,0,1
2966,4,8,2,1
2998,4,3,0,1
3119,4,1,0,1
3133,4,5,0,0
3548,4,31,2,1
3664,4,1,0,1
3960,4,2,1,2
4025,4,1,1,2
4054,4,4,0,1
425,3,1,0,1
608,3,7,0,1
700,3,24,2,1
974,3,1,0,1
1263,3,5,0,1
1408,3,13,1,1
1520,3,3,0,1
1544,3,1,0,1
1966,3,11,0,0
2402,3,1,0,1
2412,3,3,0,0
2524,3,6,2,1
2702,3,1,0,0
2735,3,4,1,0
3033,3,2,0,1
3047,3,12,1,0
3090,3,1,0,0
3570,3,9,1,1
3589,3,21,2,1
3592,3,1,2,1
3622,3,1,0,1
3760,3,8,0,1
3864,3,2,0,1
456,2,6,0,0
894,2,2,0,1
985,2,1,0,1
1401,2,3,1,0
1420,2,7,1,2
1607,2,7,1,2
1710,2,3,0,1
2130,2,9,1,1
2186,2,2,2,1
2208,2,4,0,1
2588,2,18,0,0
2847,2,25,0,0
2894,2,1,2,2
2895,2,1,0,1
3333,2,5,2,1
3476,2,26,3,0
3555,2,6,0,1
3581,2,3,0,1
3839,2,2,0,1
3923,2,4,2,1
4026,2,1,0,0
4036,2,42,1,1
4049,2,4,1,0
590,1,1,0,0
699,1,1,2,1
986,1,1,0,1
1251,1,5,0,1
1293,1,1,0,1
1830,1,45,2,1
1846,1,8,1,0
1962,1,139,0,0
1997,1,1,0,1
2207,1,1,0,1
2334,1,1,0,1
2348,1,3,0,1
2443,1,276,2,1
2456,1,5,0,3
2536,1,4,2,1
2927,1,2,0,1
3019,1,4,0,1
3058,1,117,2,0
3167,1,5,0,3
3371,1,2,0,0
3387,1,1,2,1
3566,1,5,2,1
3888,1,1,0,0
3932,1,1,0,1
4047,1,2,2,1
4058,1,1,0,1
